GTIN,상품명(국문),카테고리,보정이미지 1000 JPG,썸네일 250 PNG,원재료 전체텍스트
4001686372975,하리보 메가룰렛 사우어,간식,https://firebasestorage.googleapis.com/v0/b/steady-copilot-206205.appspot.com/o/goods%2F2c50c309-cc16-41c9-945d-4a353354aa87%2F2c50c309-cc16-41c9-945d-4a353354aa87_front_angle_1000.jpg?alt=media&token=2e531e62-ed14-49ea-a37e-df8e1db01ef8,https://firebasestorage.googleapis.com/v0/b/steady-copilot-206205.appspot.com/o/goods%2F2c50c309-cc16-41c9-945d-4a353354aa87%2F2c50c309-cc16-41c9-945d-4a353354aa87_front_angle_250.png?alt=media&token=b4757537-ffcc-454c-85fa-20eee0a3da87,"포도당시럽, 설탕, 젤라틴(돼지) L-주석산, 구연산, DL-사과산, 덱스트로스, 과채농축물(사과,무,레몬,고구마,당근,블랙커런트,히비스커스),홍화황색소,스피룰리나색소,천연향료,합성향료,흑당근추출색소,밀납,카나우바왁스,전화당시럽"
4549660884804,초코비,과자,https://firebasestorage.googleapis.com/v0/b/steady-copilot-206205.appspot.com/o/goods%2Fb876dc0c-fc5b-4f11-90cb-3d540dc30dfa%2Fb876dc0c-fc5b-4f11-90cb-3d540dc30dfa_front_angle_1000.jpg?alt=media&token=fddf84bd-011b-44c1-b71a-fe1c48e47b5e,https://firebasestorage.googleapis.com/v0/b/steady-copilot-206205.appspot.com/o/goods%2Fb876dc0c-fc5b-4f11-90cb-3d540dc30dfa%2Fb876dc0c-fc5b-4f11-90cb-3d540dc30dfa_front_angle_250.png?alt=media&token=bac2d5b5-97d8-43f5-aa48-56d31e1c142e,"설탕, 옥수수그릿츠, 식물성유지(팜유코코넛유, 미강유, d-a-토코페롤), 마아가린, 연유, 코코아분말, 카라멜소스, 정제소금, 초콜릿, 우유, 패각칼슘, 칼라멜색소, 합성향료(초콜릿향, 우유향, 버터향, 바닐라향), 글리세린지방산에스테르, 자당지방산에스테르, 트레할로스"
8691216099074,하리보 믹스 사우어,간식,https://firebasestorage.googleapis.com/v0/b/steady-copilot-206205.appspot.com/o/goods%2F3019f978-1432-4c22-79bb-ac1049a1b83e%2F3019f978-1432-4c22-79bb-ac1049a1b83e_front_angle_1000.jpg?alt=media&token=5718ced2-8700-49c4-98a4-5ccc6ec89556,https://firebasestorage.googleapis.com/v0/b/steady-copilot-206205.appspot.com/o/goods%2F3019f978-1432-4c22-79bb-ac1049a1b83e%2F3019f978-1432-4c22-79bb-ac1049a1b83e_front_angle_250.png?alt=media&token=4241a976-db7f-4166-9eec-f72364632c16,"포도당시럽, 설탕, 정제수, 젤라틴(우피), 덱스트로스, 구연산, DL-사과산, 나트륨, 과채농축물(고구마, 무, 사과, 엘더베리, 오렌지, 블랙커런트, 키위, 레몬, 아로니아, 망고, 패션프루트, 적포도, 당근, 빌베리), 홍화황색소, 스피룰리나색소, 천연향료, 합성향료, 카라멜시럽, 카나우바왁스, 엘더베리추출물"
8801019206818,자유시간,간식,https://firebasestorage.googleapis.com/v0/b/steady-copilot-206205.appspot.com/o/goods%2F511b183c-dbdc-464c-be3b-2481084fe3f3%2F511b183c-dbdc-464c-be3b-2481084fe3f3_front_angle_1000.jpg?alt=media&token=d279df0a-683e-4ed0-a3c2-baea5db2696e,https://firebasestorage.googleapis.com/v0/b/steady-copilot-206205.appspot.com/o/goods%2F511b183c-dbdc-464c-be3b-2481084fe3f3%2F511b183c-dbdc-464c-be3b-2481084fe3f3_front_angle_250.png?alt=media&token=77ac7f0b-aefe-478a-a99a-cf25507e5e3e,"물엿,밀크초콜릿(싱가포르산;설탕,코코아버터,전지분유,코코아매스,유화제),견과류가공품{땅콩(중국산),설탕,물엿,식물성유지(말레이시아산),유화제},설탕,식물성크림[땅콩분말(아르헨티나산),애자경화유{외국산(말레이시아,인도네시아,필리핀 등)}],밀키페이스트,유당,야자경화유,기타과당,당시럽류,가공유크림,혼합분유,난백분,전분가공품,정제소금,기타설탕,유화제,합성향료(연유햔,버터향),구연산"
8801019208812,자유시간 쿠키앤크림,간식,https://firebasestorage.googleapis.com/v0/b/steady-copilot-206205.appspot.com/o/goods%2F7f28ce74-54ce-4a85-a13f-24b4e686ed6d%2F7f28ce74-54ce-4a85-a13f-24b4e686ed6d_front_angle_1000.jpg?alt=media&token=078dabde-399c-4701-b2c7-eb7b235c406a,https://firebasestorage.googleapis.com/v0/b/steady-copilot-206205.appspot.com/o/goods%2F7f28ce74-54ce-4a85-a13f-24b4e686ed6d%2F7f28ce74-54ce-4a85-a13f-24b4e686ed6d_front_angle_250.png?alt=media&token=4fdfc801-d0c2-49f1-93f6-6be67d13ba55,"설탕, 물엿, 쿠키칩[밀가루1(밀:미국산, 호주산), 기타설탕, 쇼트닝1{팜유(말레이시아산)}, 쇼트닝2, 밀가루2], 유당(미국산), 가공유지{식물성유지1(말레이시아산), 식물성유지2(말레이시아산), 유화제1, 유화제2}, 야자경화유, 분말유크림, 혼합분유, 기타코코아가공품, 당시럽류, 코코아분말, 전분가공품, 기타설탕, 난백분, 정제소금, 코코아매스, 크림익스트랙트, 향료제제(가공유지, 팜유, 향료10종, 버터, 버터유), 유화제, 바닐린, 향료, 구연산"
8801019306495,홈런볼 초코,과자,https://firebasestorage.googleapis.com/v0/b/steady-copilot-206205.appspot.com/o/goods%2Febbcd181-c51b-451f-8db4-ed47e92ee5fb%2Febbcd181-c51b-451f-8db4-ed47e92ee5fb_front_angle_1000.jpg?alt=media&token=98b7d8ea-cd0d-4304-ad2c-968b3ec06e4d,https://firebasestorage.googleapis.com/v0/b/steady-copilot-206205.appspot.com/o/goods%2Febbcd181-c51b-451f-8db4-ed47e92ee5fb%2Febbcd181-c51b-451f-8db4-ed47e92ee5fb_front_angle_250.png?alt=media&token=e3a766bb-04ee-4831-b82a-5f37298db091,"홈런볼초코 [ 백설탕 , 식물성유지 ( 채종유 호주산 , 팜경화유 말레이시아산 ), 혼합분유 ( 수입산 ), 코코아분말 , 땅콩버터 ],전란액 ( 국산 ),마가린 [ 팜유 ( 말레이시아산 ), 정제수 , 우지 ( 호주산 ), 고올레산해바라기유 , 팜스테아린유 , 유화제 ],밀가루,난백액,찰옥수수전분,기타가공품,정제소금,유화제,산도조절제,합성착향료 ( 바닐라향 ),비타민 B2"
8801019308246,초코픽,간식,https://firebasestorage.googleapis.com/v0/b/steady-copilot-206205.appspot.com/o/goods%2F35edcfc4-c6bd-49f6-85c0-b4dbb8bd9776%2F35edcfc4-c6bd-49f6-85c0-b4dbb8bd9776_front_angle_1000.jpg?alt=media&token=22bf5eb7-c7c2-49b1-bf5f-c4c986212844,https://firebasestorage.googleapis.com/v0/b/steady-copilot-206205.appspot.com/o/goods%2F35edcfc4-c6bd-49f6-85c0-b4dbb8bd9776%2F35edcfc4-c6bd-49f6-85c0-b4dbb8bd9776_front_angle_250.png?alt=media&token=19c528e9-a14c-4346-85f5-afe6ef30c917,"밀가루{밀(미국산)}, 준초콜릿{설탕, 식물성유지1(태국산),혼합분유(네덜란드산), 코코아분말, 식물성유지2}, 캔디류{기타설탕, 포도당, 아라비아검, 합성향료(딸기향), 혼합제제1, 혼합제제2, 치자황생소}, 설탕, 혼합식용유{팜올레인유(말레이시아산), 팜유(말레이시아산), 올레오레진로즈메리}, 곡류가공품, 쇼트닝, 가공버터(경화유), 밀키페이스트, 볶음참깨, 가공치즈, 정제소금, 가공탈지분, 합성향료(밀크향), 산도조절제, 카로틴, 비타민B2, 혼합제제3(효모추출물, 프로테아제, 순무씨유, 덱스트린), 효소제"
8801019606540,허니버터칩,과자,https://firebasestorage.googleapis.com/v0/b/steady-copilot-206205.appspot.com/o/goods%2Fab0f696c-fb69-4062-cb20-225136ed709e%2Fab0f696c-fb69-4062-cb20-225136ed709e_front_angle_1000.jpg?alt=media&token=f864cc98-afd3-4941-9a7c-ce50f24eb72c,https://firebasestorage.googleapis.com/v0/b/steady-copilot-206205.appspot.com/o/goods%2Fab0f696c-fb69-4062-cb20-225136ed709e%2Fab0f696c-fb69-4062-cb20-225136ed709e_front_angle_250.png?alt=media&token=921520cb-4208-4951-8ce8-389fda1b6106,"감자(국내산), 혼합식용유[팜올레인유(말레이시아산), 옥배유{옥수수(외국산(러시아, 헝가리, 세르비아 등))}, 토코페롤(혼합형)], 복합조미식품[허니버터맛시즈닝{정제소금(국내산), 탈지분유(미국산), 버터혼합분말(가공버터(호주산)), 아카시아꿀분말(아카시아벌꿀(국내산)), 고메버터(프랑스산)}]"
8801037001716,T.O.P 스모키 라떼,음료,https://firebasestorage.googleapis.com/v0/b/steady-copilot-206205.appspot.com/o/goods%2Fc1ba9c4c-dca3-47ec-8cbc-7f44031f3518%2Fc1ba9c4c-dca3-47ec-8cbc-7f44031f3518_front_angle_1000.jpg?alt=media&token=44c77ee8-892a-4444-8d05-d0d5f269a185,https://firebasestorage.googleapis.com/v0/b/steady-copilot-206205.appspot.com/o/goods%2Fc1ba9c4c-dca3-47ec-8cbc-7f44031f3518%2Fc1ba9c4c-dca3-47ec-8cbc-7f44031f3518_front_angle_250.png?alt=media&token=e218439e-0399-4316-9659-486782c97f20,"정제수, 맥심 에스프레소S 커피추출액(고형분5.0% 이상, 커피원두:콜롬비아산60%, 브라질산21%) 16%, 우유(국내산) 15%, 설탕, 유크림(국내산), 혼합분유(독일산)[탈지분유, 농축우유단백분말], 탄산칼륨, 유화제, 합성향료(커피향), 비타민C"
8801037001730,T.O.P 스모키 블랙,음료,https://firebasestorage.googleapis.com/v0/b/steady-copilot-206205.appspot.com/o/goods%2F89026637-9b49-4497-6dd6-e18a26268416%2F89026637-9b49-4497-6dd6-e18a26268416_front_angle_1000.jpg?alt=media&token=d99203e6-e473-46df-b159-0a57574ada5b,https://firebasestorage.googleapis.com/v0/b/steady-copilot-206205.appspot.com/o/goods%2F89026637-9b49-4497-6dd6-e18a26268416%2F89026637-9b49-4497-6dd6-e18a26268416_front_angle_250.png?alt=media&token=18c8001b-df7a-4e9f-b7e8-8cc2ff7d9faf,"정제수, 맥심 에스프레소S 커피추출액(고형분 5.0%이상, 커피원두: 콜롬비아산 60%, 브라질산 30%) 12.6%, 탄산칼륨, 향료(커피향)"
8801037077698,스타벅스 프라푸치노 돌체,음료,https://firebasestorage.googleapis.com/v0/b/steady-copilot-206205.appspot.com/o/goods%2F2e5999ce-2cc4-44f4-ac96-606e301b1de3%2F2e5999ce-2cc4-44f4-ac96-606e301b1de3_front_angle_1000.jpg?alt=media&token=ef49288c-0a48-4059-b910-0b289c55e265,https://firebasestorage.googleapis.com/v0/b/steady-copilot-206205.appspot.com/o/goods%2F2e5999ce-2cc4-44f4-ac96-606e301b1de3%2F2e5999ce-2cc4-44f4-ac96-606e301b1de3_front_angle_250.png?alt=media&token=f5f82feb-a4fa-4e52-992f-719fd8967f9b,"정제수, 우유(국산) 15%, 스타벅스 커피추출액(고형분 5.0%이상, 볶은커피:미국산) 9.35%, 설탕, 혼합분유(독일산), 유크림, 가당연유(국내산) 1%, 콜롬비안커피파우더(고형분 95%이상, 콜롬비아산) 0.3%, 탄산칼륨, 유화제, 합성향료(연유향)"
8801037086195,스타벅스 프라푸치노 모카,음료,https://firebasestorage.googleapis.com/v0/b/steady-copilot-206205.appspot.com/o/goods%2Ffdb64819-197b-40a6-bf2c-4716f225518f%2Ffdb64819-197b-40a6-bf2c-4716f225518f_front_angle_1000.jpg?alt=media&token=525812a4-dfab-4705-bd43-4cced67bb07f,https://firebasestorage.googleapis.com/v0/b/steady-copilot-206205.appspot.com/o/goods%2Ffdb64819-197b-40a6-bf2c-4716f225518f%2Ffdb64819-197b-40a6-bf2c-4716f225518f_front_angle_250.png?alt=media&token=42c12df6-17b6-48f6-8b71-b60e155a81bf,"정제수, 우유(국산) 15%, 설탕, 스타벅스 커피 추출액(고형분 5.0% 이상, 볶은커피: 미국산) 5.61%, 혼합분유(독일산), 유크림, 콜롬비안커피파우더(고형분 95% 이상, 콜롬비아산) 0.3%, 탄산칼륨, 코코아분말, 유화제1, 유화제2, 비타민C"
8801037087543,맥심 에스프레소 티.오.피 마스터라떼,음료,https://firebasestorage.googleapis.com/v0/b/steady-copilot-206205.appspot.com/o/goods%2Fd6fe2f3b-9cf3-4aed-9f9c-7724d5f811e3%2Fd6fe2f3b-9cf3-4aed-9f9c-7724d5f811e3_front_angle_1000.jpg?alt=media&token=0d7829fb-c414-4de9-ab26-bdaacf51b89d,https://firebasestorage.googleapis.com/v0/b/steady-copilot-206205.appspot.com/o/goods%2Fd6fe2f3b-9cf3-4aed-9f9c-7724d5f811e3%2Fd6fe2f3b-9cf3-4aed-9f9c-7724d5f811e3_front_angle_250.png?alt=media&token=3c4a9a1d-5df4-45dc-b579-63a3caaa1217,"정제수,우유(국내산)15%,맥심에스프레소 커피추출액(고형분 5.0%이상, 커피원두:콜롬비아산60%,브라질산21%)12.6%,설탕,유크림(국내산),혼합분유(독일산)[탈지분유,농축우유단백분말],탄산칼륨,지당지방산에스테르,비타민C"
8801037087550,T.O.P 스위트 아메리카노,음료,https://firebasestorage.googleapis.com/v0/b/steady-copilot-206205.appspot.com/o/goods%2F705b763e-48d0-44b4-87c0-01d527735f87%2F705b763e-48d0-44b4-87c0-01d527735f87_front_angle_1000.jpg?alt=media&token=ab3ba396-0ad5-49f5-91cc-3826d279f353,https://firebasestorage.googleapis.com/v0/b/steady-copilot-206205.appspot.com/o/goods%2F705b763e-48d0-44b4-87c0-01d527735f87%2F705b763e-48d0-44b4-87c0-01d527735f87_front_angle_250.png?alt=media&token=7386b29d-5f3a-4aa4-8f87-f7d2bed6098a,"정제수, 맥심 에스프레소 커피추출액(고형분 5.0%이상, 커피원두: 콜롬비아산 60%, 브라질산 30%) 12.6%, 설탕, 탄산칼륨, 합성향료(커피향), 비타민C"
8801037087741,T.O.P 더 블랙,음료,https://firebasestorage.googleapis.com/v0/b/steady-copilot-206205.appspot.com/o/goods%2Fd1480732-b05d-41da-be93-0dd7af604722%2Fd1480732-b05d-41da-be93-0dd7af604722_front_angle_1000.jpg?alt=media&token=b57c5d7b-e210-4135-9062-41a0dc820f87,https://firebasestorage.googleapis.com/v0/b/steady-copilot-206205.appspot.com/o/goods%2Fd1480732-b05d-41da-be93-0dd7af604722%2Fd1480732-b05d-41da-be93-0dd7af604722_front_angle_250.png?alt=media&token=fca10d0f-f59a-459c-a27d-fe9adc9b03e6,"정제수, 맥심 에스프레소 커피추출액(고형분 5.0%이상, 커피원두: 콜롬비아산 60%, 브라질산 30%) 12.6%, 탄산칼륨, 합성향료(커피향), 비타민C"
8801037088168,오레오 초콜릿 샌드위치 쿠키,과자,https://firebasestorage.googleapis.com/v0/b/steady-copilot-206205.appspot.com/o/goods%2F9bb9d481-9925-435d-83bc-bc8443be95ed%2F9bb9d481-9925-435d-83bc-bc8443be95ed_front_angle_1000.jpg?alt=media&token=05a775a7-b3c3-4852-ad41-401069a7895a,https://firebasestorage.googleapis.com/v0/b/steady-copilot-206205.appspot.com/o/goods%2F9bb9d481-9925-435d-83bc-bc8443be95ed%2F9bb9d481-9925-435d-83bc-bc8443be95ed_front_angle_250.png?alt=media&token=7ec54d96-dfbf-4c38-ae84-7a08054d4bb0,"밀가루(밀 : 미국산), 분당(설탕, 옥수수전분), 식물성유지1[{팜스테아린유(말레이시아산), 야자유(인도네시아산, 필리핀산)/에스테르화유}, 옥배유, 혼합제제(올레오레진로즈메리, 올레오레진세이지)], 식물성유지2[팜유류(말레이시아산), 혼합제제(올레오레진로즈메리, 올레오레진세이지)], 유당, 포도당, 코코아분말(미국산 70%, 싱가포르산 30%) 4.9%, 물엿, 옥수수전분, 유청분말, 팽창제1, 팽창제2, 정제소금, 레시틴, 바닐린, 합성향료(바닐라향)"
8801043014809,신라면 봉지라면,라면,https://firebasestorage.googleapis.com/v0/b/steady-copilot-206205.appspot.com/o/goods%2F6c40a438-3ae9-4843-b8e8-a08a1b1f3129%2F6c40a438-3ae9-4843-b8e8-a08a1b1f3129_front_angle_1000.jpg?alt=media&token=7d23c658-ca22-47a8-9368-0b53f16e1ec8,https://firebasestorage.googleapis.com/v0/b/steady-copilot-206205.appspot.com/o/goods%2F6c40a438-3ae9-4843-b8e8-a08a1b1f3129%2F6c40a438-3ae9-4843-b8e8-a08a1b1f3129_front_angle_250.png?alt=media&token=5fe878f6-a1a2-4bf4-8819-888918bb0fec,"스프류:정제염,소고기맛베이스,정백당,육수맛조미베이스,볶음양념분,조미소고기분말,조미아미노산간장분말,마늘발효조미분,분말된장,마늘베이스,간장분말,조미양념분,조미홍고추분말,후추가루,5'-리보뉴클레오티드이나트륨,복합양념분말,칠리맛풍미분,돈골조미분말,매운맛조미분,호박산이나트륨,후추풍미분말,우골마늘조미분,조미효모분말,양파풍미분,발효표고조미분,분말카라멜 ( 카라멜색소 , 물엿분말 ),생강추출물분말,표고버섯분말,이스트조미분,건파,건청경채,건표고버섯,건당근,건고추,{ 소맥분 ( 밀 ), 탈지대두 ( 대두 ), 돈골 ( 돼지고기 ), 난각칼슘 ( 계란 )},면:소맥분(미국산,호주산),팜유(말레이시아산),감자전분,변성전분,난각칼슘,정제염,야채조미추출물,면류첨가알칼리제 ( 산도조절제 ),혼합제제 ( 산도조절제 ),올리고녹차풍미액,비타민 B2"
8801043014984,얼큰한너구리,라면,https://firebasestorage.googleapis.com/v0/b/steady-copilot-206205.appspot.com/o/goods%2F3e5b10db-91f9-4bb2-96fe-09bfa1ec01f9%2F3e5b10db-91f9-4bb2-96fe-09bfa1ec01f9_front_angle_1000.jpg?alt=media&token=b942d7a3-9733-4960-944b-52ed15a80f9c,https://firebasestorage.googleapis.com/v0/b/steady-copilot-206205.appspot.com/o/goods%2F3e5b10db-91f9-4bb2-96fe-09bfa1ec01f9%2F3e5b10db-91f9-4bb2-96fe-09bfa1ec01f9_front_angle_250.png?alt=media&token=b4643e0f-fb23-4036-83ba-45a76a3957d6,"면[소맥분(밀:호주산, 미국산), 감자전분(독일산), 팜유(말레이시아산), 변성전분, 식물성풍미유, 난각칼슘, 정제염, 해물페이스트, 글루텐펩타이드, 면류첨가알칼리제(산도조절제), 혼합제제(산도조절제), 올리고녹차풍미액, 비타민B2.],스프류[정제염, 홍합지미베이스분말, 해물채소분말, 홍합추출물분말, 조미양념분, 정백당, 시원한육수분말, 볶음양념분, 포도당, 동결건조생생고추분말, 멸치조미분, 호박산이나트륨, 마늘베이스, 후추가루, 조미아미노산간장분말, 복합조미간장분말, 양파풍미분, 칠리맛풍미분, 구운해물분, 호화옥수수분, 5'-리보뉴클레오티드이나트륨, 분말카라멜(카라멜색소, 물엿분말), 매운양념분말, 산도조절제, 건미역, 오징어맛후레이크, 건당근, 건다시마.]"
8801043015608,짜파게티범벅,라면,https://firebasestorage.googleapis.com/v0/b/steady-copilot-206205.appspot.com/o/goods%2F8fb15b00-4f5b-48d1-b8b8-e6dcd83aaa37%2F8fb15b00-4f5b-48d1-b8b8-e6dcd83aaa37_front_angle_1000.jpg?alt=media&token=0a79bcc0-cda2-40a0-819c-71cd0fa797b2,https://firebasestorage.googleapis.com/v0/b/steady-copilot-206205.appspot.com/o/goods%2F8fb15b00-4f5b-48d1-b8b8-e6dcd83aaa37%2F8fb15b00-4f5b-48d1-b8b8-e6dcd83aaa37_front_angle_250.png?alt=media&token=f255ff20-a2a6-4544-9e67-3d07961a73f0,"소맥분(미국산, 호주산), 감자전분(덴마크산), 팜유(말레이시아산), 변성전분, 정백당"
8801043015653,육개장사발면,라면,https://firebasestorage.googleapis.com/v0/b/steady-copilot-206205.appspot.com/o/goods%2Fd82c0c0c-fac8-4791-93ea-8d0bf4a98c7b%2Fd82c0c0c-fac8-4791-93ea-8d0bf4a98c7b_front_angle_1000.jpg?alt=media&token=261945be-a377-4c3f-a9b4-fc96ba0267c8,https://firebasestorage.googleapis.com/v0/b/steady-copilot-206205.appspot.com/o/goods%2Fd82c0c0c-fac8-4791-93ea-8d0bf4a98c7b%2Fd82c0c0c-fac8-4791-93ea-8d0bf4a98c7b_front_angle_250.png?alt=media&token=51860797-ca78-4051-9323-3c86c293c626,"면/소맥분(미국산,호주산),팜유(말레이시아산),감자전분(독일산),변성전분,식물성풍미유,난각칼슘,정제염,면류첨가알칼리제(산도조절제),혼합제제(산도조절제),간장조미액,구아검,올리고녹차풍미액,비타민B2,스프류/육개장조미료,정제염,양념간장베이스,조미아미노산간장분말,정백당,물엿분말,양념풍미분,볶음양념분,육수조미분말,비프양념분말,마늘추출물분말,복합양념분말,팜유조미분말,이스트풍미분,후추가루,매운맛조미분,5'-리보뉴클레오티드이나트륨,분말고추장,양파풍미분,수육조미분,호박산이나트륨,칠리풍미분말,복합조미간장분말,건파,게한스크램블,건조맛어묵,소용돌이맛살	"
8801043015714,신라면컵,라면,https://firebasestorage.googleapis.com/v0/b/steady-copilot-206205.appspot.com/o/goods%2Fa15b90f8-3707-494d-aaa5-5e2c3fef9928%2Fa15b90f8-3707-494d-aaa5-5e2c3fef9928_front_angle_1000.jpg?alt=media&token=dd6d7c9b-56ce-4057-adb3-c3dad3bc7b14,https://firebasestorage.googleapis.com/v0/b/steady-copilot-206205.appspot.com/o/goods%2Fa15b90f8-3707-494d-aaa5-5e2c3fef9928%2Fa15b90f8-3707-494d-aaa5-5e2c3fef9928_front_angle_250.png?alt=media&token=ca6f322d-3e30-4a06-ad1c-50a112f199f5,"면/소맥분(미국산,호주산),감자전분(독일산),팜유(말레이시아산),변성전분,식물성풍미유,난각칼슘,정제염,면류첨가 알칼리제(산도조절제),혼합제제(산도조절제),구아검,올리고녹차풍미액,비타민B2,	스프류/정제염,혼합제제(변성전분,물엿분말),정백당,육수맛조미베이스,간장풍미분말,복합조미간장분말,매운탕분말,칠리맛조미분,조미소고기분말,볶음양념분,조미양념분,콩나물추출물분말,마늘추출물분말,국밥베이스분말,사골된장분말,5'-리보뉴클레오티드이나트륨,고춧가루,비프장국분말,분말된장,생고추조미분말,조미육베이스,후추가루,양파풍미분,호박산이나트륨,표고버섯분말,매운맛조미분,풍미간장조미분,분말카라멜(카라멜색소,물엿분말),생강추출물분말,건파,건표고버섯,건당근,조미건조홍고추"
8801043015776,새우탕컵,라면,https://firebasestorage.googleapis.com/v0/b/steady-copilot-206205.appspot.com/o/goods%2Fd18d4467-723e-4253-43f9-4a9d9eaaf9f0%2Fd18d4467-723e-4253-43f9-4a9d9eaaf9f0_front_angle_1000.jpg?alt=media&token=f28d45c2-9fb5-4032-a38a-748157575c39,https://firebasestorage.googleapis.com/v0/b/steady-copilot-206205.appspot.com/o/goods%2Fd18d4467-723e-4253-43f9-4a9d9eaaf9f0%2Fd18d4467-723e-4253-43f9-4a9d9eaaf9f0_front_angle_250.png?alt=media&token=3305a274-83af-402a-9201-7810a5cb1950,"면[소맥분(밀:미국산, 호주산), 팜유(말레이시아산), 감자전분(덴마크산, 독일산), 변성전분, 난각칼슘, 정제염, 마늘조미액, 면류첨가알칼리제(산도조절제), 혼합제제(산도조절제), 올리고녹차풍미액, 비타민B2.],스프류[정제염, 매운탕풍미분말, 육수베이스분말, 새우베이스분말, 정백당, 혼합해물베이스분말, 매운맛분말, 조미양념분, 호화옥수수분, 가리비추출물분말, 비프조미분, 마늘베이스, 오징어조미분말, 향신조미분, 호박산이나트륨, 분말카라멜(카라멜색소, 물엿분말), 5'-리보뉴클레오티드이나트륨, 멸치조미분, 후추추출분말, 어프, 새우맛볼, 건파, 건당근, 건새우(중국산), 건미역.]"
8801043015837,너구리컵,라면,https://firebasestorage.googleapis.com/v0/b/steady-copilot-206205.appspot.com/o/goods%2F91f5d91d-90e8-4e70-835e-e3f3578dc86b%2F91f5d91d-90e8-4e70-835e-e3f3578dc86b_front_angle_1000.jpg?alt=media&token=03d320d6-48e3-4901-ba1a-1907fde9feca,https://firebasestorage.googleapis.com/v0/b/steady-copilot-206205.appspot.com/o/goods%2F91f5d91d-90e8-4e70-835e-e3f3578dc86b%2F91f5d91d-90e8-4e70-835e-e3f3578dc86b_front_angle_250.png?alt=media&token=591a2b5c-f1ee-4a3c-b382-7c21703eaa0a,"면[소맥분(호주산, 미국산), 팜유(말레이시아산), 감자전분(독일산), 변성전분, 혼합감자전분분말, 난각칼슘, 정제염, 해물페이스트, 면류첨가알칼리제(산도조절제), 혼합제제(산도조절제), 올리고녹차풍미액, 비타민B₂],	스프류[정제염, 해물채소분말, 정백당, 조미소고기분말, 육수맛조미베이스, 복합조미간장분말, 볶음양념분, 조미돈지분말, 조미양념분, 5'-리보뉴클레오티드이나트륨, 칠리맛풍미분, 매운양념분말, 홍합맛분말, 해물베이스, 오징어조미분말, 멸치조미분, 양파풍미분, 호박산이나트륨, 마늘베이스, 혼합제제(변성전분, 물엿분말), 분말카라멜(카라멜색소, 물엿분말), 조개베이스분말, 후추가루, 건양배추, 건미역, 건조반달오뎅, 건다시마, 오징어맛후레이크, 건다시마 0.9%]"
8801043015967,새우탕큰사발,라면,https://firebasestorage.googleapis.com/v0/b/steady-copilot-206205.appspot.com/o/goods%2F8f89e43f-7e91-4ecb-8b80-1fe1a10cf1c7%2F8f89e43f-7e91-4ecb-8b80-1fe1a10cf1c7_front_angle_1000.jpg?alt=media&token=fc144b7b-1147-4737-b8df-e2952b7a053d,https://firebasestorage.googleapis.com/v0/b/steady-copilot-206205.appspot.com/o/goods%2F8f89e43f-7e91-4ecb-8b80-1fe1a10cf1c7%2F8f89e43f-7e91-4ecb-8b80-1fe1a10cf1c7_front_angle_250.png?alt=media&token=3d04dc8d-e4eb-4890-84c1-a2efb0b0ef93,"면/소맥분(미국산,호주산),감자전분(독일산),팜유(말레이시아산),변성전분,난각칼슘,정제염,식물성풍미유,야채조미추출물,면류첨가알칼리제(산도조절제),혼합제제(산도조절제),올리고녹차풍미약,비타민B2,스프류/새우베이스분말,육수맛조미베이스,5`-리보뉴클레오티드이나트륨,분말고추장,복합조미간장분말,호박산이나트륨,분말카라멜(카라멜색소,물엿분말),혼합해물베이스분말,멸치조미분,향신조미분,후추가루,수화검(구아검,잔탄검),다시마표고조미분,어포,새우맛볼,건미역,건당근,건새우	밀,대두,우유,계란,새우,게,닭고기,쇠고기,오징어,조개류(굴,홍합 포함)함유	,스프류 중 새우 10.5%(중국산47.9%,캐나다산40.8%,국내산11.3%)"
8801043015981,신라면 큰사발면,라면,https://firebasestorage.googleapis.com/v0/b/steady-copilot-206205.appspot.com/o/goods%2F4bc5fa83-b824-4c06-f301-8b5dbd7ee938%2F4bc5fa83-b824-4c06-f301-8b5dbd7ee938_front_angle_1000.jpg?alt=media&token=03db0b1d-4249-4ccd-a732-e35af2ada455,https://firebasestorage.googleapis.com/v0/b/steady-copilot-206205.appspot.com/o/goods%2F4bc5fa83-b824-4c06-f301-8b5dbd7ee938%2F4bc5fa83-b824-4c06-f301-8b5dbd7ee938_front_angle_250.png?alt=media&token=94dea2b3-88a0-4594-939e-4b14b9624c5e,"면[소맥분(밀:호주산, 미국산), 팜유(말레이시아산), 감자전분(덴마크산), 변성전분, 난각칼슘, 정제염, 이스트조미액, 면류첨가알칼리제(산도조절제), 혼합제제(산도조절제), 올리고녹차풍미액, 비타민B2.],스프류[복합조미간장분ㄴ말, 정제염, 버섯풍미분말, 정백당, 비프조미분, 변성전분, 매운탕분말, 사골된장분말, 양파풍미분, 생고추조미분말, 칠리맛조미분, 수육조미분, 포도당, 양념구이조미분, 볶음양념분, 후추가루, 조미양념분, 분말된장, 사골추출물분말, 마늘추출물분말, 육수조미분말, 5'-리보뉴클레오티드이나트륨, 호박산이나트륨, 양파조미베이스, 장국양념분말, 다시마정미추출분말, 매운맛조미분, 고춧가루, 분말카라멜(카라멜색소, 물엿분말), 생강추출물분말, 조미단백, 건파, 건표고버섯, 건당근, 건청경채, 조미건조홍고추.]"
8801043016049,짜파게티큰사발면,라면,https://firebasestorage.googleapis.com/v0/b/steady-copilot-206205.appspot.com/o/goods%2Fafab22f2-b71b-4787-8589-fa03a0f32bd7%2Fafab22f2-b71b-4787-8589-fa03a0f32bd7_front_angle_1000.jpg?alt=media&token=0b905a6b-43c4-4634-9305-d3f1e546aa3f,https://firebasestorage.googleapis.com/v0/b/steady-copilot-206205.appspot.com/o/goods%2Fafab22f2-b71b-4787-8589-fa03a0f32bd7%2Fafab22f2-b71b-4787-8589-fa03a0f32bd7_front_angle_250.png?alt=media&token=8e10cfeb-10f5-4202-a1cf-dda770d16fc1,"면/소맥분(호주산, 미국산), 감자전분(독일산), 팜유(말레이시아산), 변성전분, 식물성풍미유, 난각칼슘, 정제염, 풍미조미소스, 면류첨가알칼리제(산도조절제), 혼합제제(산도조절제), 올리고녹차풍미액, 비타민B2	스프류/정백당, 분말짜장, 짜장풍미료, 볶음조미감자분, 호화감자전분, 분말카라멜2호(카라멜색소, 물엿분말), 볶음조미소맥분, 분말카라멜3호(카라멜색소, 물엿분말, 효소처리스테비아), 짜장베이스, 야채오일분말, 육수맛조미베이스, 볶음양파분, 발효사과분말, 짜장베이스분말, 매운맛풍미분, 양파비프조미분, 5'-리보뉴클레오티드이나트륨, 비프양념분말, 대두단백, 조미볶음양파, 건양배추"
8801043016070,튀김우동큰사발면,라면,https://firebasestorage.googleapis.com/v0/b/steady-copilot-206205.appspot.com/o/goods%2F809e1ac8-3ce2-4d11-62e0-1926d885c306%2F809e1ac8-3ce2-4d11-62e0-1926d885c306_front_angle_1000.jpg?alt=media&token=3807b6f4-b724-401d-be35-7cefc7ac5a21,https://firebasestorage.googleapis.com/v0/b/steady-copilot-206205.appspot.com/o/goods%2F809e1ac8-3ce2-4d11-62e0-1926d885c306%2F809e1ac8-3ce2-4d11-62e0-1926d885c306_front_angle_250.png?alt=media&token=264de5c4-0d91-4cb7-adad-a081c2893f12,"면[소맥분(밀:호주산), 팜유(말레이시아산), 감자전분(덴마크산), 변성전분, 식물성풍미유, 난각칼슘, 정제염, 면류첨가알칼리제(산도조절제), 혼합제제(산도조절제), 올리고녹차풍미액, 비타민B2.]스프류[맛포튀김, 정제염, 정백당, 다랑어추출물분말, 포도당, 조미양조간장분말, 아미노산풍미분말, 아미노산베이스, 우동풍미분말, 복합조미간장분말, 5'-리보뉴클레오티드이나트륨, 물엿분말, 김후레이크, 분말카라멜(물엿분말, 카라멜색소), 육수맛조미베이스, 후추가루, 김추출물분말, 멸치조미분, 고춧가루, 양파풍미분, 호박산이나트륨, 소용돌이맛살, 건조반달오뎅, 건미역, 건파, 조미건조홍고추.]"
8801043031431,쫄병 매콤한맛,과자,https://firebasestorage.googleapis.com/v0/b/steady-copilot-206205.appspot.com/o/goods%2F944567db-6db2-4167-c174-025466398dca%2F944567db-6db2-4167-c174-025466398dca_front_angle_1000.jpg?alt=media&token=3a5e0d6a-27e1-43f9-9afb-1d4122cca7da,https://firebasestorage.googleapis.com/v0/b/steady-copilot-206205.appspot.com/o/goods%2F944567db-6db2-4167-c174-025466398dca%2F944567db-6db2-4167-c174-025466398dca_front_angle_250.png?alt=media&token=4ad1188b-ccb3-49dd-aef1-c29ee9284b42,"소맥분(밀:미국산, 호주산), 팜유(말레이시아산), 옥수수전분{옥수수:외국산(러시아, 헝가리, 세르비아 등)}, 매콤한맛조미분말(미립당, 떡볶이맛조미분말, 마늘추출물분말, 육수맛조미베이스, 고추풍미료), 떡볶이페이스트, 정백당, 정제염, 감자전분, 효소처리스테비아, 글리신, 혼합제제(한천, 아라비아검, 로커스트콩검)"
8801043035989,새우깡,과자,https://firebasestorage.googleapis.com/v0/b/steady-copilot-206205.appspot.com/o/goods%2Fe48c87ce-cc0c-4d88-9190-34c39f36a483%2Fe48c87ce-cc0c-4d88-9190-34c39f36a483_front_angle_1000.jpg?alt=media&token=17ecfb06-fe53-44b3-ab0b-2959cf0514c7,https://firebasestorage.googleapis.com/v0/b/steady-copilot-206205.appspot.com/o/goods%2Fe48c87ce-cc0c-4d88-9190-34c39f36a483%2Fe48c87ce-cc0c-4d88-9190-34c39f36a483_front_angle_250.png?alt=media&token=476be885-4563-48ed-994e-da3cb348895d,"소맥분(밀;미국산), 미강유(태국산), 옥수수전분{옥수수;외국산(러시아,헝가리,세르비아 등)}, 새우(국산 50%, 미국산 50%), 팜유, 맛베이스조미분말{건새우분말(새우;중국산), 새우추출물분말(새우;미국산)}, 혼합제제(타피오카산화전분, 말토덱스트린), 새우풍미유, 염미시즈닝"
8801043040990,쫄병 안성탕면맛,과자,https://firebasestorage.googleapis.com/v0/b/steady-copilot-206205.appspot.com/o/goods%2Fb204d5d4-d8dc-4333-98e4-3b074bd4dd1b%2Fb204d5d4-d8dc-4333-98e4-3b074bd4dd1b_front_angle_1000.jpg?alt=media&token=0dfbd021-4caa-410f-8687-41a06ad4ed1f,https://firebasestorage.googleapis.com/v0/b/steady-copilot-206205.appspot.com/o/goods%2Fb204d5d4-d8dc-4333-98e4-3b074bd4dd1b%2Fb204d5d4-d8dc-4333-98e4-3b074bd4dd1b_front_angle_250.png?alt=media&token=9b450e0e-7b64-46cb-9f03-5d642afbd3c3,"소맥분(밀:미국산, 호주산), 팜유(말레이시아산), 옥수수전분{옥수수:외국산(러시아, 헝가리, 세르비아 등)}, 안성탕면맛시즈닝, 계란스크램블, 숯불바베큐맛소스, 정백당, 정제염, 우골농축액, 조미된장분말, 볶음된장분말, 감자전분, 다시마조미분말, 효소처리스테비아, 글리신, 혼합제제(한천, 아라비아검, 로커스트콩검)"
8801043048774,쫄병 짜파게티맛,과자,https://firebasestorage.googleapis.com/v0/b/steady-copilot-206205.appspot.com/o/goods%2F2c2070eb-8773-42bc-9be5-cd472df26ad7%2F2c2070eb-8773-42bc-9be5-cd472df26ad7_front_angle_1000.jpg?alt=media&token=34cf672d-cd15-4b85-95d7-b67edee66715,https://firebasestorage.googleapis.com/v0/b/steady-copilot-206205.appspot.com/o/goods%2F2c2070eb-8773-42bc-9be5-cd472df26ad7%2F2c2070eb-8773-42bc-9be5-cd472df26ad7_front_angle_250.png?alt=media&token=e80e4840-006e-4828-adbb-76b4fa4eec80,"소맥분(밀:미국산, 호주산), 팜유(말레이시아산), 옥수수전분{옥수수:외국산(러시아, 헝가리, 세르비아 등)}, 짜파게티맛시즈닝, 간짜장페이스트, 미트맛볼, 정백당, 정제염, 올리브조미유, 감자전분, 카라멜색소, 덱스트린, 효소처리스테비아, 글리신, 혼합제제(한천, 아라비아검, 로커스트콩검), 비타민B1염산염, 합성향료"
8801045520117,진라면 순한맛,라면,https://firebasestorage.googleapis.com/v0/b/steady-copilot-206205.appspot.com/o/goods%2Fdf5417e2-02ba-4c34-a6b1-7bb1a2292e80%2Fdf5417e2-02ba-4c34-a6b1-7bb1a2292e80_front_angle_1000.jpg?alt=media&token=9721d395-78fb-4c9e-bc20-24522756a24c,https://firebasestorage.googleapis.com/v0/b/steady-copilot-206205.appspot.com/o/goods%2Fdf5417e2-02ba-4c34-a6b1-7bb1a2292e80%2Fdf5417e2-02ba-4c34-a6b1-7bb1a2292e80_front_angle_250.png?alt=media&token=862af417-3784-4fdf-859a-a3fedf3bb14e,"스프류:정제소금,백설탕,참맛사골양념분말,사골양념분말,참맛양지분말,조미육수분말,비프베이스분말,육수추출농축분말,맛베이스,간장양념베이스,간장분말,감칠맛베이스,진한감칠맛분,오뚜기참치간장분말,참맛볶음장분말,쇠고기육수분말,향미증진제,복합양념분말,볶음향미분말,홍고추분말,포도당,오뚜기비프시즈닝,육수맛조미분,조미야채분말,볶음마늘분,고추맛베이스,후추분말,마늘농축조미분,숙성마늘맛분,감칠맛조미분,로스팅조미분말,유지혼합분말,옥수수전분,이스트추출물분말,참맛효모조미분말,매운고추양념분말,영양강화제,칠리혼합추출물,조미쇠고기맛후레이크,건파,건당근,건표고버섯,건청경채,건미역,면:소맥분(밀:미국산,호주산),변성전분,팜유(말레이시아산),감자전분(외국산:덴마크,프랑스,독일등),글루텐,정제소금,유화유지,난각분말,육수추출농축액,마늘시즈닝,이스트엑기스,면류첨가알칼리제 ( 산도조절제 ),구아검,비타민 B2,녹차풍미유"
8801045520124,진라면 매운맛,라면,https://firebasestorage.googleapis.com/v0/b/steady-copilot-206205.appspot.com/o/goods%2F387cfcf7-fe51-4dd2-dcaf-df8207e6dc6c%2F387cfcf7-fe51-4dd2-dcaf-df8207e6dc6c_front_angle_1000.jpg?alt=media&token=54af2cbc-732d-4403-afde-c35db471e7f5,https://firebasestorage.googleapis.com/v0/b/steady-copilot-206205.appspot.com/o/goods%2F387cfcf7-fe51-4dd2-dcaf-df8207e6dc6c%2F387cfcf7-fe51-4dd2-dcaf-df8207e6dc6c_front_angle_250.png?alt=media&token=93034cfa-22cd-4eaf-a4ba-a87b4060db0c,"면[소맥분(밀:미국산, 호주산), 변성전분, 팜유(말레이시아산), 감자전분(외국산:덴마크, 프랑스, 독일 등), 글루텐, 정제소금, 마늘시즈닝, 난각분말, 유화유지, 면류첨가알칼리제(산도조절제), 이스트엑기스, 육수추출농축액, 녹차풍미유, 비타민B2],스프류[정제소금, 설탕, 포도당, 복합양념분말, 숙성마늘맛분, 간장분말, 볶음양념분말, 육수맛분말, 마늘농축조미분, 고추맛베이스, 로스팅맛분말, 쇠고기육수분말, 조미육수분말, 참맛양념분말, 발효복합분, 진한감칠맛분, 후추분말, 칠리맛분말, 고춧가루, 감칠맛분말, 참맛버섯양념분말, 버섯야채조미분말, 오뚜기참치간장분말, 감칠맛베이스, 로스팅조미분말, 맛베이스, 향미증진제, 볶음마늘분, 육수맛조미분, 육수추출농축분말, 참맛효모조미분말, 숙성양념분말, 칠리추출물, 구아검, 칠리혼합추출물, 산도조절제, 고추농축소스, 조미쇠고기맛후레이크, 건당근, 건청경채, 건파, 건표고버섯, 건고추입자]"
8801045525235,참깨라면,라면,https://firebasestorage.googleapis.com/v0/b/steady-copilot-206205.appspot.com/o/goods%2F057695bc-f203-4519-ad84-37a8abfbbbc9%2F057695bc-f203-4519-ad84-37a8abfbbbc9_front_angle_1000.jpg?alt=media&token=8087e6b3-d947-4448-a70c-6ce7467aa22b,https://firebasestorage.googleapis.com/v0/b/steady-copilot-206205.appspot.com/o/goods%2F057695bc-f203-4519-ad84-37a8abfbbbc9%2F057695bc-f203-4519-ad84-37a8abfbbbc9_front_angle_250.png?alt=media&token=1cde6205-d0fe-44d5-bcc6-a905612a83cb,"스프류:계란블럭 { 계란 ( 국산 ), 덱스트린 , 파 , 물엿 , 계란지단 },정제소금,포도당,간장분말,고추맛추출기름,참기름,고춧가루,콩기름,전분,간장베이스,감칠맛베이스,정백당,쇠고기육수분말,참맛매운양념분말,다대기양념분말,사태양념분말,매운고추양념분말,조미육수분말,알파옥수수분말,후추분말,볶음마늘분말,참맛사골양념분말,버섯야채조미분말,얼큰한맛찌개분,혼합야채분말,마늘양념분말,볶음참깨분말,향미증진제,이스트추출물분말,사골농축분말,매운칠리추출물,칠리추출물,산도조절제,건파,볶음참깨,건미역,구운김,[ 소맥분 ( 밀 ), 탈지대두 ( 대두 ), 전란 ( 계란 ), 유당 ( 우유 )],참깨 ( 수입산 ),면:소맥분(미국산,호주산),변성전분,팜유(말레이시아산),감자전분,글루텐,정제소금,면류첨가알칼리제 ( 산도조절제 ),유화유지,난각분말,마늘시즈닝,볶음참깨분말,구아검,비타민 B2,녹차풍미유,참깨 ( 수입산 )"
8801045570068,진라면 Cup 순한맛,라면,https://firebasestorage.googleapis.com/v0/b/steady-copilot-206205.appspot.com/o/goods%2F64b759f4-1c32-4a07-8807-10ed7c47f399%2F64b759f4-1c32-4a07-8807-10ed7c47f399_front_angle_1000.jpg?alt=media&token=ed86b278-498e-4c6a-9dd9-785634670690,https://firebasestorage.googleapis.com/v0/b/steady-copilot-206205.appspot.com/o/goods%2F64b759f4-1c32-4a07-8807-10ed7c47f399%2F64b759f4-1c32-4a07-8807-10ed7c47f399_front_angle_250.png?alt=media&token=eb46ca4a-b944-4430-af35-ed8d0a69816a,"면[소맥분(밀:미국산,호주산), 변성전분, 팜유(말레이시아산), 고올레산해바라기유(외국산:아르헨티나,스페인,프랑스 등), 정제소금, 기타 식용유지가공품, 글루텐, 마늘시즈닝, 유화유지, 면류첨가알칼리제(산도조절제), 비타민B2, 녹차풍미유],스프류[참맛육수분말, 진한육수분말, 조미육수분말, 복합양념분말, 마늘양념분말, 간장양념베이스, 간장분말, 진한감칠맛분, 조미야채분말, 정제소금, 감칠맛조미분, 참맛볶음장분말, 설탕, 옥수수전분, 기타 식용유지가공품, 유지혼합분말, 고춧가루, 향미증진제, 영양강화제, 후추분말, 조미쇠고기맛후레이크, 건당근, 건청경채, 건파, 건표고버섯, 건미역]"
8801045570082,진라면 Cup 매운맛,라면,https://firebasestorage.googleapis.com/v0/b/steady-copilot-206205.appspot.com/o/goods%2F691c332e-52c8-47a5-9f9f-c388d01d512b%2F691c332e-52c8-47a5-9f9f-c388d01d512b_front_angle_1000.jpg?alt=media&token=68b6a4a6-1de5-404d-b9e0-5fda4d6220d0,https://firebasestorage.googleapis.com/v0/b/steady-copilot-206205.appspot.com/o/goods%2F691c332e-52c8-47a5-9f9f-c388d01d512b%2F691c332e-52c8-47a5-9f9f-c388d01d512b_front_angle_250.png?alt=media&token=e58481d3-3f8d-4fc9-af39-40c3be71556c,"면[소맥분(밀:미국산,호주산), 변성전분, 팜유(말레이시아산), 고올레산해바라기유(외국산:아르헨티나,스페인,프랑스 등), 정제소금, 기타 식용유지가공품, 글루텐, 마늘시즈닝, 유화유지, 면류첨가알칼리제(산도조절제), 비타민B2, 녹차풍미유],스프류[포도당, 참맛매운육수분말, 정제소금, 설탕, 숙성마늘맛분, 간장분말, 복합지미분, 발효복합분, 로스팅육수분말, 기타 식용유지가공품, 옥수수전분, 칠리맛분말, 볶음마늘분, 고춧가루, 향미증진제, 후추분말, 구아검, 칠리추출물, 고추농축소스, 산도조절제, 조미쇠고기맛후레이크, 건당근, 건청경채, 건파, 건표고버섯, 건고추입자"
8801045570419,참깨라면,라면,https://firebasestorage.googleapis.com/v0/b/steady-copilot-206205.appspot.com/o/goods%2F3c0b7f79-1141-434d-6e0b-0ee7c8ad7f72%2F3c0b7f79-1141-434d-6e0b-0ee7c8ad7f72_front_angle_1000.jpg?alt=media&token=2dc9a17a-ed8e-4294-9da5-e04d3d0835da,https://firebasestorage.googleapis.com/v0/b/steady-copilot-206205.appspot.com/o/goods%2F3c0b7f79-1141-434d-6e0b-0ee7c8ad7f72%2F3c0b7f79-1141-434d-6e0b-0ee7c8ad7f72_front_angle_250.png?alt=media&token=3473d193-7b37-4d7a-8984-3369d30b4686,"면[소맥분(밀:미국산, 호주산), 변성전분, 팜유(말레이시아산), 감자전분(외국산:덴마크, 프랑스, 독일 등), 볶음참깨분말, 정제소금, 사골엑기스, 글루텐, 유화유지, 면류첨가알칼리제(산도조절제), 난각분말, 비타민B2, 녹차풍미유],스프류[고소한참깨계란블럭{계란, 파, 덱스트린, 물엿, 볶음참깨}, 정제소금, 식물성유지, 포도당, 고추맛추출기름, 간장분말, 참기름, 옥수수전분, 고춧가루, 간장베이스, 참맛육수분말, 고소한맛풍미유, 설탕, 매운고추양념분말, 알파옥수수분말, 후추분말, 쇠고기베이스분말, 혼합야채분, 볶음마늘분, 마늘양념분말, 향미증진제, 볶음참깨분말, 고소한향미분말, 효모조미분, 식물성크림, 로스팅조미분말, 매운칠리추출물, 칠리추출물, 건파, 건미역, 구운김],* 특정성분: 면 중 참깨1.7%(외국산: 인도, 파키스탄, 나이지리아 등), 스프류 중 참깨2.0%(외국산:인도, 파키스탄, 나이지리아 등)"
8801045571362,진라면 순한맛,라면,https://firebasestorage.googleapis.com/v0/b/steady-copilot-206205.appspot.com/o/goods%2F2686b1b8-d913-4609-c434-da9d827446e2%2F2686b1b8-d913-4609-c434-da9d827446e2_front_angle_1000.jpg?alt=media&token=8c7a6e5e-580c-4da3-a3c0-db74bb5d135c,https://firebasestorage.googleapis.com/v0/b/steady-copilot-206205.appspot.com/o/goods%2F2686b1b8-d913-4609-c434-da9d827446e2%2F2686b1b8-d913-4609-c434-da9d827446e2_front_angle_250.png?alt=media&token=2444f3cd-a33e-4488-a1ec-f9392b6d1818,"면[소맥분(밀:미국산, 호주산), 변성전분, 팜유(말레이시아산), 글루텐, 정제소금, 마늘시즈닝, 치킨추출농축액, 야채추출물, 난각분말, 면류첨가알칼리제(산도조절제), 비타민B2, 녹차풍미유],스프류[참맛육수분말, 참맛베이스14호(정제소금:국산) 육수조미베이스(정제소금:국산)], 참맛양지분말, 육수맛조미분, 조미육수분말, 치킨추출농축분말, 쇠고기향미분말, 복합양념분말, 마늘양념분말, 고춧가루, 진한감칠맛분, 설탕, 조미야채분말, 성제소금, 매운볶음베이스, 감칠맛조미분, 참맛볶음장분말, 옥수수전분, 기타 식용유지가공품, 유지혼합분말, 향미증진제, 영양강화제, 후추분말, 조미쇠고기맛후레이크, 건조채심, 건당근, 건파, 건표고버섯, 건미역]"
8801045571638,진라면 매운맛,라면,https://firebasestorage.googleapis.com/v0/b/steady-copilot-206205.appspot.com/o/goods%2F4bfcd7de-e072-4fb6-43bb-e29270901756%2F4bfcd7de-e072-4fb6-43bb-e29270901756_front_angle_1000.jpg?alt=media&token=fd873ee5-c99c-4f16-ab4a-f275d2c4fc16,https://firebasestorage.googleapis.com/v0/b/steady-copilot-206205.appspot.com/o/goods%2F4bfcd7de-e072-4fb6-43bb-e29270901756%2F4bfcd7de-e072-4fb6-43bb-e29270901756_front_angle_250.png?alt=media&token=5d68d113-76d1-47c4-a1f2-501be2a36f95,"면[소맥분(밀:미국산, 호주산), 변성전분, 팜유(말레이시아산), 글루텐, 정제소금, 마늘시즈닝, 치킨추출농축액, 야채추출물, 난각분말, 면류첨가알칼리제(산도조절제), 비타민B2, 녹차풍미유],스프류[참맛매운육수분말[참맛베이스15호{정제소금(국산)}, 마늘(중국산)], 포도당, 발효복합분, 복합지미분, 숙성마늘맛분, 마늘양념분말, 볶음마늘분, 설탕, 간장분말, 기타 식용유지가공품, 정제소금, 효모조미분, 칠리맛분말, 옥수수전분, 쇠고기간장분말, 쇠고기향미분말, 후추분말, 고춧가루, 구아검, 조미아미노산분말, 향미증진제, 칠리추출물, 고추농축소스, 산도조절제, 건파, 조미쇠고기맛후레이크, 건당근, 건표고버섯, 건조채심, 건고추입자]"
8801045572833,참깨라면 Cup,라면,https://firebasestorage.googleapis.com/v0/b/steady-copilot-206205.appspot.com/o/goods%2Fdc76c4c5-9fe4-489d-9e22-a1c86a60aadc%2Fdc76c4c5-9fe4-489d-9e22-a1c86a60aadc_front_angle_1000.jpg?alt=media&token=f11b9c84-c7f7-4fe8-9d44-45db1c7e8900,https://firebasestorage.googleapis.com/v0/b/steady-copilot-206205.appspot.com/o/goods%2Fdc76c4c5-9fe4-489d-9e22-a1c86a60aadc%2Fdc76c4c5-9fe4-489d-9e22-a1c86a60aadc_front_angle_250.png?alt=media&token=c8b816eb-efb6-442e-9c1e-d489f182979b,"*면: 소맥분(밀:미국산,호주산), 변성전분, 팜유(말레이시아산), 고올레산해바라기유(외국산:아르헨티나,스페인,프랑스 등), 볶음참깨분말, 식용유지가공품, 정제소금, 사골추출물, 글루텐, 유화유지, 난각분말, 면류첨가알칼리제(산도조절제), 비타민B₂, 녹차풍미유	*스프류: 고소한참깨계란블럭{계란(국산), 덱스트린, 파(중국산), 물엿, 볶음참깨}, 정제소금, 참기름, 포도당, 간장분말, 고추맛추출기름, 고춧가루, 간장베이스, 옥수수전분, 식물성유지, 매운고추양념분말, 참맛육수분말, 복합지미분, 감칠맛엑기스, 백설탕, 쇠고기베이스분말, 사태양념분말, 조미육수분말, 고소한맛풍미유, 후추분말, 혼합야채분, 볶음마늘분, 조미쇠고기분말, 마늘양념분말, 향미증진제, 볶음참깨분말, 다대기양념분말, 유지혼합분말, 구아검, 구운김, 매운칠리추출물, 칠리추출물	*특정성분 : 면 중 참깨1.7%(외국산:인도,파키스탄,나이지리아 등), 스프류 중 참깨5.1%(외국산:인도,파키스탄,나이지리아 등)"
8801056002701,이프로 부족할때 복숭아,음료,https://firebasestorage.googleapis.com/v0/b/steady-copilot-206205.appspot.com/o/goods%2F60b91a5a-6b10-46dd-bf25-264b8715be26%2F60b91a5a-6b10-46dd-bf25-264b8715be26_front_angle_1000.jpg?alt=media&token=7daa000a-e9cb-4ec3-ab94-68491c53221f,https://firebasestorage.googleapis.com/v0/b/steady-copilot-206205.appspot.com/o/goods%2F60b91a5a-6b10-46dd-bf25-264b8715be26%2F60b91a5a-6b10-46dd-bf25-264b8715be26_front_angle_250.png?alt=media&token=3c2fa2ae-7e5d-4ddc-899a-a17e4c74ab5f,"정제수, 기타과당, 복숭아청징농축액(이스라엘산), 구연산, 합성향료(복숭아향), 구연산삼나트륨, 효소처리루틴"
8801056018900,칸타타 스위트 아메리카노,음료,https://firebasestorage.googleapis.com/v0/b/steady-copilot-206205.appspot.com/o/goods%2F680646fb-1c82-45b6-a73a-a9cc8ab692c8%2F680646fb-1c82-45b6-a73a-a9cc8ab692c8_front_angle_1000.jpg?alt=media&token=3c4a47dc-5114-49a5-9a74-91fdc61270b6,https://firebasestorage.googleapis.com/v0/b/steady-copilot-206205.appspot.com/o/goods%2F680646fb-1c82-45b6-a73a-a9cc8ab692c8%2F680646fb-1c82-45b6-a73a-a9cc8ab692c8_front_angle_250.png?alt=media&token=a9d98221-e13d-4e56-8128-6ac857def762,"정제수, 칸타타원두커피추출액(커피원두:에티오피아 50%, 콜롬비아 30%, 브라질 20%), 설탕, 커피추출농축액A(브라질산), 커피추출농축액B(콜롬비아산), 합성향료(커피향) 3종, 탄산수소나트륨, L-아스코브산나트륨 *커피 고형분 0.90%"
8801056018948,칸타타 프리미엄 라떼,음료,https://firebasestorage.googleapis.com/v0/b/steady-copilot-206205.appspot.com/o/goods%2Ff1d43570-41f5-487b-8be1-abc38e13991e%2Ff1d43570-41f5-487b-8be1-abc38e13991e_front_angle_1000.jpg?alt=media&token=6435979c-f249-4724-b29e-6dc689d5695a,https://firebasestorage.googleapis.com/v0/b/steady-copilot-206205.appspot.com/o/goods%2Ff1d43570-41f5-487b-8be1-abc38e13991e%2Ff1d43570-41f5-487b-8be1-abc38e13991e_front_angle_250.png?alt=media&token=4b11d839-9909-4aaf-98e2-6ce8822cc649,"정제수, 칸타타원두커피추출액(커피원두:에티오피아50%,콜롬비아30%,브라질20%), 우유(국산), 설탕, 커피추출농축액A(브라질산), 혼합분유(탈지분유, 유청분말:네덜란드산), 커피추출농축액B(콜롬비아산), 탄산수소나트륨, 합성향료(커피향2종, 우유향), 유화제2종, L-아스코브산나트륨 *커피고형분:0.94%"
8801056018979,레쓰비 마일드 커피,음료,https://firebasestorage.googleapis.com/v0/b/steady-copilot-206205.appspot.com/o/goods%2F2bd9c205-e728-4b03-f47d-a5e35848f98e%2F2bd9c205-e728-4b03-f47d-a5e35848f98e_front_angle_1000.jpg?alt=media&token=f88306ae-72fa-4961-a0d9-160d7dc10c60,https://firebasestorage.googleapis.com/v0/b/steady-copilot-206205.appspot.com/o/goods%2F2bd9c205-e728-4b03-f47d-a5e35848f98e%2F2bd9c205-e728-4b03-f47d-a5e35848f98e_front_angle_250.png?alt=media&token=2d5c491d-d5d3-43a3-951d-8d165279d23e,"정제수, 설탕, 혼합분유(탈지분유, 유청분말:네덜란드산), 인스턴트커피(브라질 70%, 베트남 30%), 전지분유(국산), 탄산수소나트륨, 합성향료(밀크향, 커피향), 유화제, 정제소굼, 아세설팜칼륨(감미료), 수크랄로스(감미료)"
8801056038861,롯데 핫식스,음료,https://firebasestorage.googleapis.com/v0/b/steady-copilot-206205.appspot.com/o/goods%2F90510464-a0c5-42e9-866c-2221182f3785%2F90510464-a0c5-42e9-866c-2221182f3785_front_angle_1000.jpg?alt=media&token=1a94b582-b8c0-4513-a592-0741a9e4d16a,https://firebasestorage.googleapis.com/v0/b/steady-copilot-206205.appspot.com/o/goods%2F90510464-a0c5-42e9-866c-2221182f3785%2F90510464-a0c5-42e9-866c-2221182f3785_front_angle_250.png?alt=media&token=085147c0-195f-425f-b1e5-7c8d862b9c27,"정제수,기타과당,이산화탄소,과라나추출물(브라징산),타우린,구연산,구연산나트륨,비타민C,가시오가피추출농축액(국산),이노시톨,홍삼농축액(국산),합성향료(혼합과일향),혼합제제(L-이소로이신,L-발린,L-로이신),홍차추출분말(스리랑카산),혼합제제(니코틴산아미드,비타민B6,염산염,판토텐산칼슘,비타민B2)"
8801056094591,콘트라베이스 블랙,음료,https://firebasestorage.googleapis.com/v0/b/steady-copilot-206205.appspot.com/o/goods%2F2f7e7186-41de-43d5-2cd2-19af3302cb34%2F2f7e7186-41de-43d5-2cd2-19af3302cb34_front_angle_1000.jpg?alt=media&token=31173977-3d1f-47ea-a06b-7227f2242dd5,https://firebasestorage.googleapis.com/v0/b/steady-copilot-206205.appspot.com/o/goods%2F2f7e7186-41de-43d5-2cd2-19af3302cb34%2F2f7e7186-41de-43d5-2cd2-19af3302cb34_front_angle_250.png?alt=media&token=c01a433c-48bd-481c-b69e-0ce95afe07f4,"정제수, 콘트라베이스원두커피추출액(커피원두 : 에티오피아 50%, 브라질 50%), 커피추출농축액A(브라질산), 커피추출농축액B(콜롬비아산), 합성향료(커피향), 탄산수소나트륨, L-아스코브산나트륨 *커피 고형분 : 1.0% "
8801056836016,게토레이,음료,https://firebasestorage.googleapis.com/v0/b/steady-copilot-206205.appspot.com/o/goods%2Fa0c32028-9dc2-4970-9a23-7527fcc27fbc%2Fa0c32028-9dc2-4970-9a23-7527fcc27fbc_front_angle_1000.jpg?alt=media&token=41c0969a-fc90-4a72-9f41-a96a4077be0a,https://firebasestorage.googleapis.com/v0/b/steady-copilot-206205.appspot.com/o/goods%2Fa0c32028-9dc2-4970-9a23-7527fcc27fbc%2Fa0c32028-9dc2-4970-9a23-7527fcc27fbc_front_angle_250.png?alt=media&token=71a89149-6d6a-4f14-ad5d-40350e5e3d88,"정제수,설탕,포도당,혼합제제(구연산삼나트륨,제일인산칼륨,정제소금),구연산,DL-사과산,혼합제제(글리세린,정제수,아라비아검,D-소비톨,유화제,야자유,주정),합성향료(레몬향),비타민C,홍화항색소"
8801062012701,빼빼로 오리지널,과자,https://firebasestorage.googleapis.com/v0/b/steady-copilot-206205.appspot.com/o/goods%2F77f0620b-9b29-48f3-8618-da82d36c7ead%2F77f0620b-9b29-48f3-8618-da82d36c7ead_front_angle_1000.jpg?alt=media&token=2266d84b-f10b-46c8-b9e8-28b8c19d1344,https://firebasestorage.googleapis.com/v0/b/steady-copilot-206205.appspot.com/o/goods%2F77f0620b-9b29-48f3-8618-da82d36c7ead%2F77f0620b-9b29-48f3-8618-da82d36c7ead_front_angle_250.png?alt=media&token=12100e31-9afd-4b28-bc87-ac681279464d,"밀가루(밀;미국산, 캐나다산), 초콜릿(설탕, 코코아매스(코코아빈;가나산), 가공유지(싱가포르산), 유당, 혼합분유), 설탕, 쇼트닝(팜유, 팜올레인유;말레이시아산), 가공연유, 가공버터, 전분가공품, 맥아엑기스, 전지분골드Ⅰ, 정제소금, 산도조절제3종, 기타과당, 혼합제제Ⅰ(합성향료, 밀가루, 비타민C, 카제인나트륨, 알긴산프로필렌글리콜), 혼합제제Ⅱ(바닐라추출물, 합성향료), 효소제, 효모"
8801062012725,빼빼로 아몬드,과자,https://firebasestorage.googleapis.com/v0/b/steady-copilot-206205.appspot.com/o/goods%2F0ccbb20c-597e-4c76-7d51-0dce8dd6fd7e%2F0ccbb20c-597e-4c76-7d51-0dce8dd6fd7e_front_angle_1000.jpg?alt=media&token=b62b0847-c638-4ba2-9a2b-68f525542cb7,https://firebasestorage.googleapis.com/v0/b/steady-copilot-206205.appspot.com/o/goods%2F0ccbb20c-597e-4c76-7d51-0dce8dd6fd7e%2F0ccbb20c-597e-4c76-7d51-0dce8dd6fd7e_front_angle_250.png?alt=media&token=3c4090ba-b23a-46ee-876f-ce1cd0d12876,"준초콜릿Ⅰ(설탕, 가공유지(싱가포르산), 혼합분유(외국산), 코코아매스, 유당), 밀가루(밀;미국산, 캐나다산), 아몬드(미국산), 준초콜릿Ⅱ(설탕, 혼합분유, 가공유지, 코코아매스, 유당), 설탕, 쇼트닝, 가공연유, 가공버터, 전분가공품, 맥아엑기스, 전지분골드1, 정제소금, 산도조절제3종, 기타과당, 혼합제제(말토덱스트린, 밀가루, 변성전분, 아세토인, 비타민B1염산염, 비타민C, 카제인나트륨, 알긴산프로필렌글리콜, 메틸 피-털트-부틸피닐아세테이트), 향료, 효소제, 효모"
8801062012756,초코필드 빼빼로,과자,https://firebasestorage.googleapis.com/v0/b/steady-copilot-206205.appspot.com/o/goods%2Fb6f6203b-5258-4adf-2665-2db97d14b806%2Fb6f6203b-5258-4adf-2665-2db97d14b806_front_angle_1000.jpg?alt=media&token=f0dfdbec-f450-408d-8d91-083d5087b7d5,https://firebasestorage.googleapis.com/v0/b/steady-copilot-206205.appspot.com/o/goods%2Fb6f6203b-5258-4adf-2665-2db97d14b806%2Fb6f6203b-5258-4adf-2665-2db97d14b806_front_angle_250.png?alt=media&token=b25e9a62-5015-443c-8342-77c0d822de33,"준초콜릿[설탕,쇼트닝(경화유;가공유지(팜핵에스테르화유(말레이시아산))), 혼합분유(외국산;전지분유, 코코아매스), 코코아매스(코코아빈;가나산), 혼합식용유(경화유)], 밀가루(밀:미국산,캐나다산), 옥수수전분(옥수수;외국산(러시아 · 세르비아 · 헝가리 등)), 쇼트닝(경화유), 설탕, 가공연유, 기타과당, 식물성유지, 맥아엑기스, 정제소금, 혼합제제(말토덱스트린, 밀가루, 변성전분, 아세토인, 비타민B1염산염, 비타민C, 카제인나트륨, 알긴산프로필렌글리콜, 메틸 피-털트-부틸피닐아세테이트), 산도조절제2종, 대두유, 복합조미식품, 향료"
8801062016679,왓따 청포도껌,,https://firebasestorage.googleapis.com/v0/b/steady-copilot-206205.appspot.com/o/goods%2Fc03bee49-f1b4-466c-880d-9f26f643e154%2Fc03bee49-f1b4-466c-880d-9f26f643e154_front_angle_1000.jpg?alt=media&token=7dd54985-b565-4b96-97b7-104c0b8a3939,https://firebasestorage.googleapis.com/v0/b/steady-copilot-206205.appspot.com/o/goods%2Fc03bee49-f1b4-466c-880d-9f26f643e154%2Fc03bee49-f1b4-466c-880d-9f26f643e154_front_angle_250.png?alt=media&token=95099fb3-bde0-4493-9e3c-4c1ebd288c8b,"설탕,껌베이스 ( 감미료 ( 아세설팜칼륨 , 수크랄로스 )),포도당,물엿,혼합제제 ( 구연산 , DL-사과산 , 푸마르산 ),레시틴,청포도농축액 0.05% ( 고형분 73% )"
8801062278053,가나초코바아몬드,,https://firebasestorage.googleapis.com/v0/b/steady-copilot-206205.appspot.com/o/goods%2Ff0f14892-c029-4626-b5fb-8a80c6e1a8f3%2Ff0f14892-c029-4626-b5fb-8a80c6e1a8f3_front_angle_1000.jpg?alt=media&token=04f70365-a912-4d0f-9d3b-6df8b1589d23,https://firebasestorage.googleapis.com/v0/b/steady-copilot-206205.appspot.com/o/goods%2Ff0f14892-c029-4626-b5fb-8a80c6e1a8f3%2Ff0f14892-c029-4626-b5fb-8a80c6e1a8f3_front_angle_250.png?alt=media&token=213db106-2832-491f-9d0d-c8763cbd731d,"설탕, 물엿, 볶음아몬드완태(아몬드;미국산), 가공연유[정제수, 설탕, 전지분유(외국산;미국, 네덜란드, 뉴질랜드 등), 유당(독일산)], 가공유지(싱가포르산;팜유, 해바라기유, 레시틴, 비타민E), 혼합분유(탈지분유, 유청), 피넛버터블랜드, 코코아매스Ⅰ(코코아빈;가나산), 코코아매스Ⅱ(코코아빈;에콰도르산), 가공버터, 볶음아몬드분태(아몬드;미국산), 난백분, 혼합제제(카제인나트륨, 수산화칼슘, 아라비아검), 레시틴, 정제소금, 유당, 바닐린, 산도조절제"
8801062318490,자일리톨 오리지날,,https://firebasestorage.googleapis.com/v0/b/steady-copilot-206205.appspot.com/o/goods%2F2c120b9e-8c1b-492e-b936-aa0b58a10cb4%2F2c120b9e-8c1b-492e-b936-aa0b58a10cb4_front_angle_1000.jpg?alt=media&token=13b11340-4d08-4ae0-afbd-df053c8bc00d,https://firebasestorage.googleapis.com/v0/b/steady-copilot-206205.appspot.com/o/goods%2F2c120b9e-8c1b-492e-b936-aa0b58a10cb4%2F2c120b9e-8c1b-492e-b936-aa0b58a10cb4_front_angle_250.png?alt=media&token=c2091ea3-75a7-46f9-ab0c-445fce7d7d74,"자일리톨60%, 껌베이스(감미료(아세설팜칼륨, 수크랄로스)), D-소비톨 10%, 아라비아검, 혼합제제I(덱스트린, 합성향료, 변성전분, 팜유, 아라비아검, 트리아세틴, 만니톨, D-말티톨, 식물단백질), 혼합제제II(합성향료, 트리아세틴, 주정, 천연향료, 프로필렌글리콜, 정제수), 혼합제제III(천연향료, 합성향료, 주정, 트리아세틴, 정제수, 팜유, 자당지방산에스테르, 프로필렌글리콜), 혼합제제IV (제이인산칼슘, CPP, 후노란), 혼합제제V (쉘락, 가공유지), 유화제, 합성향료, 감미료(아세설팜칼륨, 수크랄로스), 카나우바왁스, 용성비타민P"
8801062320837,BIG풍선 왓따! 복숭아,간식,https://firebasestorage.googleapis.com/v0/b/steady-copilot-206205.appspot.com/o/goods%2Fcf8b6077-681f-452c-a04d-5dab83157fad%2Fcf8b6077-681f-452c-a04d-5dab83157fad_front_angle_1000.jpg?alt=media&token=ce4e0952-3d27-493b-968b-1eaffb30839a,https://firebasestorage.googleapis.com/v0/b/steady-copilot-206205.appspot.com/o/goods%2Fcf8b6077-681f-452c-a04d-5dab83157fad%2Fcf8b6077-681f-452c-a04d-5dab83157fad_front_angle_250.png?alt=media&token=d85bd17c-8e63-4dc8-b8bb-3b8975405e45,"설탕, 껌베이스(감미료(아세설팜칼륨,수크랄로스)), 포도당, 물엿, 혼합제제(구연산, DL-사과산, 푸마르산)"
8801062321773,BIG풍선 왓따! 콜라,간식,https://firebasestorage.googleapis.com/v0/b/steady-copilot-206205.appspot.com/o/goods%2F6d04411c-70b6-4b23-552d-d5d8bc18b34c%2F6d04411c-70b6-4b23-552d-d5d8bc18b34c_front_angle_1000.jpg?alt=media&token=8d1b95cf-1d76-4094-8c15-7e4dcb612a67,https://firebasestorage.googleapis.com/v0/b/steady-copilot-206205.appspot.com/o/goods%2F6d04411c-70b6-4b23-552d-d5d8bc18b34c%2F6d04411c-70b6-4b23-552d-d5d8bc18b34c_front_angle_250.png?alt=media&token=bc4fd25f-83ef-414f-8cbf-a3b717e1c686,"설탕, 껌베이스(감미료(아세설팜칼륨,수크랄로스)), 포도당, 물엿, 구연산"
8801062516858,칸쵸,과자,https://firebasestorage.googleapis.com/v0/b/steady-copilot-206205.appspot.com/o/goods%2F87367d28-b737-441e-5b1b-ee2f111e97c2%2F87367d28-b737-441e-5b1b-ee2f111e97c2_front_angle_1000.jpg?alt=media&token=57abff67-0a38-4c2a-8065-5bcc85a0c414,https://firebasestorage.googleapis.com/v0/b/steady-copilot-206205.appspot.com/o/goods%2F87367d28-b737-441e-5b1b-ee2f111e97c2%2F87367d28-b737-441e-5b1b-ee2f111e97c2_front_angle_250.png?alt=media&token=eb2b835e-da01-4c10-ae8c-5941663f9c68,"밀가루(밀:미국, 캐나다산), 설탕, 혼합식용유[가공유지(팜분별유:말레이시아산), 팜유(말레이시아산), 유화제, 토코페롤(혼합형)], 코코아매스(코코아빈;가나산), 팜유, 혼합분유, 유당, 준초콜릿, 산도조절제Ⅰ, 아몬드분말, 전지분골드Ⅰ, 덱스트린, 정제소금, 산도조절제Ⅱ, 레시틴, 합성향료(바닐라향, 버터향), 혼합제제(효모, 밀가루), 카라멜색소, 효소제, 땅콩분말, 프로필렌글리콜"
8801062864133,BIG풍선 왓따! 맹고말고망고,간식,https://firebasestorage.googleapis.com/v0/b/steady-copilot-206205.appspot.com/o/goods%2F0e86dbb1-0c4b-42f9-dc2d-4f96e3806518%2F0e86dbb1-0c4b-42f9-dc2d-4f96e3806518_front_angle_1000.jpg?alt=media&token=751ac484-e36e-4227-8150-b435e7c06059,https://firebasestorage.googleapis.com/v0/b/steady-copilot-206205.appspot.com/o/goods%2F0e86dbb1-0c4b-42f9-dc2d-4f96e3806518%2F0e86dbb1-0c4b-42f9-dc2d-4f96e3806518_front_angle_250.png?alt=media&token=3964ebe8-0f73-4ee5-8d7a-99fbfdc89f18,"설탕, 껌베이스(감미료(아세설팜칼륨, 수크랄로스)), 포도당, 물엿, 향료"
8801062883646,빼빼로 x 크런키,과자,https://firebasestorage.googleapis.com/v0/b/steady-copilot-206205.appspot.com/o/goods%2F88b56a16-9f64-4ad5-911e-4584706a0bc1%2F88b56a16-9f64-4ad5-911e-4584706a0bc1_front_angle_1000.jpg?alt=media&token=8b804cac-c463-48a5-beb4-6326958be68a,https://firebasestorage.googleapis.com/v0/b/steady-copilot-206205.appspot.com/o/goods%2F88b56a16-9f64-4ad5-911e-4584706a0bc1%2F88b56a16-9f64-4ad5-911e-4584706a0bc1_front_angle_250.png?alt=media&token=e26e1648-acfc-48bf-9c7b-f09d5f2e404a,"준초콜릿Ⅰ(설탕, 가공유지(싱가포르산), 혼합분유(외국산(싱가포르·프랑스·네덜란드 등);전지분유, 코코아매스), 코코아매스, 유당), 밀가루(밀;미국산, 캐나다산), 준초콜릿Ⅱ(설탕, 혼합분유(외국산(싱가포르·프랑스·네덜란드 등);전지분유, 코코아매스), 가공유지(싱가포르산), 코코아매스, 유당), 시드(곡류가공품), 설탕, 쇼트닝, 가공연유, 가공버터, 전분가공품, 맥아엑기스, 전지분골드1, 정제소금, 산도조절제3종, 기타과당, 혼합제제Ⅰ(합성향료, 밀가루, 비타민C, 카제인나트륨, 알긴산프로필렌글리콜), 혼합제제Ⅱ(바닐라추출물, 합성향료), 효소제, 효모"
8801069185194,남양초코에몽,음료,https://firebasestorage.googleapis.com/v0/b/steady-copilot-206205.appspot.com/o/goods%2F1bdbd5d9-0fc5-44e9-9078-bcfd4e442d53%2F1bdbd5d9-0fc5-44e9-9078-bcfd4e442d53_front_angle_1000.jpg?alt=media&token=8fac1d48-2ec8-4550-959f-114cdd0fb856,https://firebasestorage.googleapis.com/v0/b/steady-copilot-206205.appspot.com/o/goods%2F1bdbd5d9-0fc5-44e9-9078-bcfd4e442d53%2F1bdbd5d9-0fc5-44e9-9078-bcfd4e442d53_front_angle_250.png?alt=media&token=3a3c0996-82d3-4809-bf04-28398ca9c271,"정제수, 원유(국산), 설탕, 기타과당, 탈지분유(국산), 덱스트린, 코코아분말(스페인산), 유크림(국산), 오곡분말, 칼슘혼합제제 0.35%(정제수, 탄산칼슘, 대두식이섬유), 셀룰로스혼합제제(결정셀룰로스, 셀룰로스검), 비타민혼합제제 0.09%(포도당시럽분말, 비타민 E 3.4 mg a-TE, 비타민 A 87 ug RE, 비타민 D3 1.5 ug, 비타민 B1 0.11mg, 비타민 B2 0.12 mg, 비타민 B6 0.16 mg, 비타민 B12 0.35ug, 비오틴 11 ug, 판토텐산 1.8 mg, 나이아신 4.4 mg NE, 엽산 82 ug, 비타민 C-Na 0.020234%), 유화제, 수크랄로스(감미료), 합성향료, 정제소금"
8801073102538,삼양라면 오리지널,라면,https://firebasestorage.googleapis.com/v0/b/steady-copilot-206205.appspot.com/o/goods%2Fae73308d-8150-4605-6bac-ecf6222b87f7%2Fae73308d-8150-4605-6bac-ecf6222b87f7_front_angle_1000.jpg?alt=media&token=45b0326b-ba4f-4b5b-813e-e8d3f41ceb25,https://firebasestorage.googleapis.com/v0/b/steady-copilot-206205.appspot.com/o/goods%2Fae73308d-8150-4605-6bac-ecf6222b87f7%2Fae73308d-8150-4605-6bac-ecf6222b87f7_front_angle_250.png?alt=media&token=323abedc-ba74-44df-9e20-7fb689e4a1c0,"면[소맥분(호주산, 미국산), 변성전분, 팜유(말레이시아산), 정제염(국내산), 미감에스유, 면류첨가알칼리제(산도조절제), 구아검, 양파엑기스, 스프플레이버, 녹차풍미유, 비타민B2, 구연산.],스프[부대찌개양념베이스, 정제염, 정백당, 표고버섯맛분말, 효모추출물, 식물성간장분말, 맛베이스에스, 청양고추시즈닝분말, 볶음양념분말, 흑후추분말, 고춧가루, 매운조미고추맛분, 팜유, 호화미분, 혼합전지분유, 향미증진제, 마늘맛오일, 파프리카추출물, DL-사과산, 분말카라멜(카라멜색소, 말토덱스트린), 건청경채후레이크, 건파, 조미비프맛후레이크, 햄맛후레이크, 건파, 조미비프맛후레이크, 햄맛후레이크, 건당근후레이크, 건양배추후레이크.]"
8801094017200,코카콜라,음료,https://firebasestorage.googleapis.com/v0/b/steady-copilot-206205.appspot.com/o/goods%2F3fb77585-ad4f-48d7-8f42-77437575ef0f%2F3fb77585-ad4f-48d7-8f42-77437575ef0f_front_angle_1000.jpg?alt=media&token=193e0f60-33b4-40cf-9e02-97f4686d114e,https://firebasestorage.googleapis.com/v0/b/steady-copilot-206205.appspot.com/o/goods%2F3fb77585-ad4f-48d7-8f42-77437575ef0f%2F3fb77585-ad4f-48d7-8f42-77437575ef0f_front_angle_250.png?alt=media&token=044c9ba2-036b-44cf-93b0-b60cd5b0629c,"정제수,당시럽,설탕,기타과당,이산화탄소,카라멜색소,인산,천연착향료,카페인 ( 향미증진제 )"
8801094083007,코카-콜라 제로,음료,https://firebasestorage.googleapis.com/v0/b/steady-copilot-206205.appspot.com/o/goods%2Ff48d50a1-c4a0-46e5-9a37-edf659d8cb29%2Ff48d50a1-c4a0-46e5-9a37-edf659d8cb29_front_angle_1000.jpg?alt=media&token=b3a7aa3d-b91e-4133-9775-14961c878a57,https://firebasestorage.googleapis.com/v0/b/steady-copilot-206205.appspot.com/o/goods%2Ff48d50a1-c4a0-46e5-9a37-edf659d8cb29%2Ff48d50a1-c4a0-46e5-9a37-edf659d8cb29_front_angle_250.png?alt=media&token=702ff4d1-fb46-4871-9924-5eb97f716731,"정제수, 이산화탄소, 카라멜색소, 인산, 수크랄로스(감미료), 구연산삼나트륨, 천연향료, 아세설팜칼륨(감미료), 카페인(향미증진제)"
8801094113001,환타 오렌지향,음료,https://firebasestorage.googleapis.com/v0/b/steady-copilot-206205.appspot.com/o/goods%2F7874354b-6a75-4554-30e9-6518f73f1dd4%2F7874354b-6a75-4554-30e9-6518f73f1dd4_front_angle_1000.jpg?alt=media&token=fe5a3361-b3af-47d8-a835-15c594075c6a,https://firebasestorage.googleapis.com/v0/b/steady-copilot-206205.appspot.com/o/goods%2F7874354b-6a75-4554-30e9-6518f73f1dd4%2F7874354b-6a75-4554-30e9-6518f73f1dd4_front_angle_250.png?alt=media&token=bd6787a7-0412-45f3-938f-0b93f8a6eb75,"정제수, 당시럽, 이산화탄소, 폴리덱스트로스, 구연산, 아라비아검, 아세설팜칼륨(감미료), 글리세린, 천연향료, 합성향료(오렌지향), 프로필렌글리콜, 혼합제제(효소처리스테비아, 말토덱스트린, 감초추출물, 아라비아검, 가공유지, 정제수), 자당지방산에스테르, 수크랄로스(감미료), 식용색소황색제5호(착색료), 비타민C, 로진, 초산"
8801094133009,환타 파인애플향,음료,https://firebasestorage.googleapis.com/v0/b/steady-copilot-206205.appspot.com/o/goods%2F6fb1b250-3f0c-4baa-5760-45de90316dd8%2F6fb1b250-3f0c-4baa-5760-45de90316dd8_front_angle_1000.jpg?alt=media&token=150e50a4-de5e-4f63-a3c5-021595bca9d0,https://firebasestorage.googleapis.com/v0/b/steady-copilot-206205.appspot.com/o/goods%2F6fb1b250-3f0c-4baa-5760-45de90316dd8%2F6fb1b250-3f0c-4baa-5760-45de90316dd8_front_angle_250.png?alt=media&token=c070be8f-9c08-4e9b-8022-519d4c9dec8b,"정제수, 당시럽, 이산화탄소, 폴리덱스트로스, 구연산, 구연산삼나트륨, 비타민C, 아라비아검, 합성향료(파인애플향), 유화제, 소금, 가공유지, 혼합제제[정제수, 아라비아검, 유화제, 식염, 야자유, 옥수수유, β-카로틴(착색료)], 천연향료, 수크랄로스(감미료), 아세설팜칼륨(감미료), 혼합제제(효소처리스테비아, 말토덱스트린, 감초추출물, 아라비아검, 가공유지, 정제수), 혼합제제(펙틴, 포도당), 포도당, d-토코페롤(혼합형)"
8801094363000,파워에이드 마운틴 블라스트,음료,https://firebasestorage.googleapis.com/v0/b/steady-copilot-206205.appspot.com/o/goods%2Fb2e5a984-9d99-4ade-9998-e9ecf00e3087%2Fb2e5a984-9d99-4ade-9998-e9ecf00e3087_front_angle_1000.jpg?alt=media&token=0ef0473d-19ff-4c7b-998b-d97327a363f3,https://firebasestorage.googleapis.com/v0/b/steady-copilot-206205.appspot.com/o/goods%2Fb2e5a984-9d99-4ade-9998-e9ecf00e3087%2Fb2e5a984-9d99-4ade-9998-e9ecf00e3087_front_angle_250.png?alt=media&token=3eee4336-dbb2-4503-a02e-9895617d1777,"정제수, 기타과당, 구연산, 소금(오스트리아산), 합성향료(딸기향, 패션후르트향, 파인애플향), 구연산삼나트륨, 구연산칼륨, 아라비아검, 수크랄로스(감미료), 염화마그네슘, 염화칼슘, 아세설팜칼륨(감미료), 제삼인산칼륨, 유화제, 가공유지(미국산), 천연향료, 판토텐산칼슘, 니코틴산아미드, d-토코페롤(혼합형), 식용색소청색제1호(착색료), 비타민B6염산염"
8801094503000,조지아 오리지널,음료,https://firebasestorage.googleapis.com/v0/b/steady-copilot-206205.appspot.com/o/goods%2F7555bd82-21e4-4f8f-8580-c776fa2c5941%2F7555bd82-21e4-4f8f-8580-c776fa2c5941_front_angle_1000.jpg?alt=media&token=cf72a899-197f-4305-9a29-0d3673889382,https://firebasestorage.googleapis.com/v0/b/steady-copilot-206205.appspot.com/o/goods%2F7555bd82-21e4-4f8f-8580-c776fa2c5941%2F7555bd82-21e4-4f8f-8580-c776fa2c5941_front_angle_250.png?alt=media&token=b8bdd0f2-a0ad-4312-8ce6-aa8cfbee10e2,"정제수, 당시럽, 당류가공품(싱가포르산 / 설탕, 전지분유, 덱스트린), 인스턴트커피 0.97 %(말레이시아산, 생두의 원산지 : 인도네시아산100 %), 탄산수소나트륨, 합성향료(커피향), 자당지방산에스테르, 설탕, 프로필렌글리콜	"
8801094513009,조지아 카페라떼,음료,https://firebasestorage.googleapis.com/v0/b/steady-copilot-206205.appspot.com/o/goods%2F78aeb278-0e41-4f4d-be0c-2faa4680aa83%2F78aeb278-0e41-4f4d-be0c-2faa4680aa83_front_angle_1000.jpg?alt=media&token=3f645cbf-ab69-4c18-8ea5-ba86006a4057,https://firebasestorage.googleapis.com/v0/b/steady-copilot-206205.appspot.com/o/goods%2F78aeb278-0e41-4f4d-be0c-2faa4680aa83%2F78aeb278-0e41-4f4d-be0c-2faa4680aa83_front_angle_250.png?alt=media&token=34518fd4-b21f-4c43-8305-a9b8e5a6b443,"정제수, 당류가공품(싱가포르산/설탕, 전지분유, 덱스트린), 당시럽, 인스턴트커피(베트남산), 탄산수소나트륨, 자당지방산에스테르, 소금(오스트리아산), 설탕, 혼합제제(카제인나트륨, 덱스트린, 카라기난), 천연향료, 합성향료, L-아스코브산나트륨, 프로필렌글리콜"
8801097150010,포카리 스웨트,음료,https://firebasestorage.googleapis.com/v0/b/steady-copilot-206205.appspot.com/o/goods%2F631d66a4-b3ea-4b53-5ad3-1795bf11f23f%2F631d66a4-b3ea-4b53-5ad3-1795bf11f23f_front_angle_1000.jpg?alt=media&token=797131b4-ef50-4bf7-8d07-5d4f6cde7052,https://firebasestorage.googleapis.com/v0/b/steady-copilot-206205.appspot.com/o/goods%2F631d66a4-b3ea-4b53-5ad3-1795bf11f23f%2F631d66a4-b3ea-4b53-5ad3-1795bf11f23f_front_angle_250.png?alt=media&token=85101023-8760-45a2-8b85-32319f7a38ee,"정제수, 설탕, 기타과당, 구연산, 그레이프후르츠혼합액(그레이프후르츠과즙-남아공산), 구연산삼나트륨, 덱스트린, 정제소금(국산), 비타민C, 염화칼륨, 젖산칼슘, 변성전분, 염화마그네슘, 합성향료(그레이프후르츠향), 유화제"
8801097160064,데미소다 애플,음료,https://firebasestorage.googleapis.com/v0/b/steady-copilot-206205.appspot.com/o/goods%2F3503276e-160a-4ffa-9a3a-fd3baf1cb9d9%2F3503276e-160a-4ffa-9a3a-fd3baf1cb9d9_front_angle_1000.jpg?alt=media&token=ec496962-e8f6-4283-8d91-0944a2a1f765,https://firebasestorage.googleapis.com/v0/b/steady-copilot-206205.appspot.com/o/goods%2F3503276e-160a-4ffa-9a3a-fd3baf1cb9d9%2F3503276e-160a-4ffa-9a3a-fd3baf1cb9d9_front_angle_250.png?alt=media&token=317ff335-a193-47f4-b6c5-e847c354e243,"정제수, 액상과당, 백설탕, 사과농축과즙 1.75%(고형분 70%), 탄산가스, 구연산, 아카시아식이섬유, 합성향료(사과향), 천연향료, 합성감미료(아세설팜칼륨, 수크랄로스)"
8801104250283,쥬시쿨 자두,음료,https://firebasestorage.googleapis.com/v0/b/steady-copilot-206205.appspot.com/o/goods%2F1faba848-99df-4b8f-844f-7e7a394d18be%2F1faba848-99df-4b8f-844f-7e7a394d18be_front_angle_1000.jpg?alt=media&token=89bdc4a0-8135-450e-afdb-56a92b41620a,https://firebasestorage.googleapis.com/v0/b/steady-copilot-206205.appspot.com/o/goods%2F1faba848-99df-4b8f-844f-7e7a394d18be%2F1faba848-99df-4b8f-844f-7e7a394d18be_front_angle_250.png?alt=media&token=f261f0cf-bdfa-4376-8f5a-480347001608,"정제수,액상과당,백설탕,탈지분유 ( 국산 ),셀룰로오스검,구연산,구연산삼나트륨,자두농축과즙 ( 자두과즙 으로 1% )( 수입산 ),합성착향료 ( 자두향 ),아스파탐 ( 합성감미료 ),파프리카추출색소,심황색소,유산균주"
8801105910124,코코팜 피치핑크 복숭아,음료,https://firebasestorage.googleapis.com/v0/b/steady-copilot-206205.appspot.com/o/goods%2F95d86a8c-d527-459c-bba7-cf1897e9f4f5%2F95d86a8c-d527-459c-bba7-cf1897e9f4f5_front_angle_1000.jpg?alt=media&token=eee8224c-a2f1-42a3-8941-37f5a8efc7db,https://firebasestorage.googleapis.com/v0/b/steady-copilot-206205.appspot.com/o/goods%2F95d86a8c-d527-459c-bba7-cf1897e9f4f5%2F95d86a8c-d527-459c-bba7-cf1897e9f4f5_front_angle_250.png?alt=media&token=f6c1847c-8d5b-423f-96ef-5a2a9bd23a38,"나타드코코7.5%[나타드코코젤리(베트남산)80%,백설탕,구연산],복숭아과즙농축액(복숭아과즙으로3%:이스라엘산),정제수,백설탕,탈지분유(우유:국산),구연산,합성착향료 ( 복숭아향 ),대두다당류,구연산나트륨,엘에스-303 ( 정제수 , 규소수지 , 유화제 , CMC나트륨 )"
8801111180993,콘초 헤이즐넛 초코,과자,https://firebasestorage.googleapis.com/v0/b/steady-copilot-206205.appspot.com/o/goods%2Fb889fd18-a1b1-4013-8ca9-f532fcd9b3c5%2Fb889fd18-a1b1-4013-8ca9-f532fcd9b3c5_front_angle_1000.jpg?alt=media&token=ab6c1277-5b30-47bd-9a02-5effb284599a,https://firebasestorage.googleapis.com/v0/b/steady-copilot-206205.appspot.com/o/goods%2Fb889fd18-a1b1-4013-8ca9-f532fcd9b3c5%2Fb889fd18-a1b1-4013-8ca9-f532fcd9b3c5_front_angle_250.png?alt=media&token=91d551c4-5ed6-4392-a734-14884a726c16,"가공초콜릿 [ 설탕 , 가공유지 ( 팜핵경화에스테르화유 ( 말레이시아산 ), 팜핵에스테르화유 ( 말레이시아산 )), 혼합분유 ( 네덜란드산 ), 헤이즐넛페이스트 ( 헤이즐넛 ( 터키산 )), 코코아분말 ( 네덜란드산 ), 기타코코아가공품 ( 영국산 ), 유화제 , 합성향료 ( 헤이즐넛향 )],옥분 ( 옥수수 : 호주산 ),혼합식용유 [ 팜올레인유 ( 말레이시아산 ) 59.98% , 해바라기유{ 외국산 ( 우크라이나 ㆍ 말레이시아 ㆍ 스페인 )} 40% , 토코페롤 ( 혼합형 )],쌀가루,결정셀룰로오스,정제소금,옥배유"
8801111183062,콘치 크림치즈,과자,https://firebasestorage.googleapis.com/v0/b/steady-copilot-206205.appspot.com/o/goods%2F19474117-0c67-45ce-b772-e53a6b2b561b%2F19474117-0c67-45ce-b772-e53a6b2b561b_front_angle_1000.jpg?alt=media&token=ff971ea2-e7c3-46cf-a094-a05a483333d2,https://firebasestorage.googleapis.com/v0/b/steady-copilot-206205.appspot.com/o/goods%2F19474117-0c67-45ce-b772-e53a6b2b561b%2F19474117-0c67-45ce-b772-e53a6b2b561b_front_angle_250.png?alt=media&token=33e0bf76-8285-4630-b8ff-1db7a3d96096,"옥분(옥수수:호주산), 설탕, 가공유지[팜핵경화에스테르화유(말레이시아산), 팜핵에스테르화유(말레이시아산)], 혼합식용유[팜올레인유(말레이시아산)59.98%, 해바라기유{외국산(우크라이나·말레이시아·스페인)}40%, 토코페롤(혼합형)], 탈지밀(유청, 유당, 기타가공품1, 기타가공품2, 기타설탕), 기타가공품3, 유청단백분말, 기타가공품4{치즈분말(치즈 : 미국산)}, 쌀가루, 가공치즈{크림치즈분말(덴마크산)}, 유화제1, 유화제2, 유화제3, 정제소금, 결정셀룰로오스, 옥배유, 합성향료(치즈향, 밀크향)"
8801111187893,마이쮸 포도,간식,https://firebasestorage.googleapis.com/v0/b/steady-copilot-206205.appspot.com/o/goods%2F461d469c-b3ca-4737-fc7f-d46a05a5c1f3%2F461d469c-b3ca-4737-fc7f-d46a05a5c1f3_front_angle_1000.jpg?alt=media&token=fe90e6d5-55fc-4471-a7c6-46dc47cc37ad,https://firebasestorage.googleapis.com/v0/b/steady-copilot-206205.appspot.com/o/goods%2F461d469c-b3ca-4737-fc7f-d46a05a5c1f3%2F461d469c-b3ca-4737-fc7f-d46a05a5c1f3_front_angle_250.png?alt=media&token=7e36b1cb-b45f-4d80-8b2f-499ebb5d0115,"설탕, 물엿, 올리고당, 폰단트(설탕, 물엿), 식물성유지(팜핵경화유), 젤라틴, 말티톨시럽, 포도농축과즙, 구연산, 유화제, 혼합제제(비타민C, 비타민D), 합성향료(포도향), L-주석산, 베리류색소, 정제소금, 혼합요구르트베이스"
8801111187930,마이쮸 복숭아,간식,https://firebasestorage.googleapis.com/v0/b/steady-copilot-206205.appspot.com/o/goods%2F3bf492e8-5be2-4319-0315-ee135da8f9a5%2F3bf492e8-5be2-4319-0315-ee135da8f9a5_front_angle_1000.jpg?alt=media&token=2b4f1637-c781-44db-bbf7-5df901c74773,https://firebasestorage.googleapis.com/v0/b/steady-copilot-206205.appspot.com/o/goods%2F3bf492e8-5be2-4319-0315-ee135da8f9a5%2F3bf492e8-5be2-4319-0315-ee135da8f9a5_front_angle_250.png?alt=media&token=fd95ef95-b58f-49cc-90b9-21b63418ed0b,"설탕, 물엿, 올리고당, 폰단트(설탕, 물엿), 식물성유지(팜핵경화유), 젤라틴, 말티톨시럽, 복숭아농축과즙, 구연산, 유화제, 혼합요구르트베이스, DL-사과산, 혼합제제1(프로필렌글리콜, 글리세린, 주정, 정제수, 합성향료, 초산), 합성향료(복숭아향), 혼합제제2(비타민C, 비타민D), 치자황색소, 정제소금, 자주색고구마색소"
8801111187992,새콤달콤 딸기,간식,https://firebasestorage.googleapis.com/v0/b/steady-copilot-206205.appspot.com/o/goods%2F654e31e1-014e-4dd2-b80d-2a381ef659fa%2F654e31e1-014e-4dd2-b80d-2a381ef659fa_front_angle_1000.jpg?alt=media&token=35f4c94c-c650-4c8c-8313-9ebee49c52f5,https://firebasestorage.googleapis.com/v0/b/steady-copilot-206205.appspot.com/o/goods%2F654e31e1-014e-4dd2-b80d-2a381ef659fa%2F654e31e1-014e-4dd2-b80d-2a381ef659fa_front_angle_250.png?alt=media&token=21371df9-07a8-45b7-9dd3-698859c72946,"물엿, 설탕, 폰단트(설탕, 물엿), 식물성유지(팜핵경화유), DL-사과산, 젤라틴, 유화제, 향료제제(프로필렌글리콜, 합성향료, 주정, 정제수, 젖산), 딸기농축과즙, 비타민C, 베리류색소, 정제소금"
8801111188036,새콤달콤 복숭아,간식,https://firebasestorage.googleapis.com/v0/b/steady-copilot-206205.appspot.com/o/goods%2F7c8268fa-7b98-4300-8742-1f5adc527bd2%2F7c8268fa-7b98-4300-8742-1f5adc527bd2_front_angle_1000.jpg?alt=media&token=0c2e091b-5665-4572-8067-829914c5c5af,https://firebasestorage.googleapis.com/v0/b/steady-copilot-206205.appspot.com/o/goods%2F7c8268fa-7b98-4300-8742-1f5adc527bd2%2F7c8268fa-7b98-4300-8742-1f5adc527bd2_front_angle_250.png?alt=media&token=9f59a777-2a66-4a77-b41f-8497a1ab07f4,"백설탕,물엿,이소말토올리고당,폰단트 ( 백설탕 , 물엿 ),식물성유지 ( 팜핵경화유 , 레시틴 ),DL-사과산,말티톨시럽,젤라틴,유화제,합성착향료 ( 복숭아향 ),복숭아농축과즙 ( 고형분함량 68% ),비타민C,치자황색소,정제소금,자주색고구마색소"
8801111907934,새콤달콤 레모네이드,간식,https://firebasestorage.googleapis.com/v0/b/steady-copilot-206205.appspot.com/o/goods%2F6d674fc7-3ac3-4971-6ae5-02905b9e1669%2F6d674fc7-3ac3-4971-6ae5-02905b9e1669_front_angle_1000.jpg?alt=media&token=2629ba4c-acbf-4cbe-94dd-4cee2380b0be,https://firebasestorage.googleapis.com/v0/b/steady-copilot-206205.appspot.com/o/goods%2F6d674fc7-3ac3-4971-6ae5-02905b9e1669%2F6d674fc7-3ac3-4971-6ae5-02905b9e1669_front_angle_250.png?alt=media&token=0947f4df-bb59-4582-94d0-4d2dc28cdbf4,"설탕, 물엿, 올리고당, 폰단트(설탕, 물엿), 식물성유지(팜핵경화유), DL-사과산, 말티톨시럽, 젤라틴, 유화제, 합성향료(레몬향), 레몬농축과즙, 비타민C, 치자황색소, 정제소금"
8801111932974,새콤달콤 블루베리소다향,간식,https://firebasestorage.googleapis.com/v0/b/steady-copilot-206205.appspot.com/o/goods%2Fc21abe1d-e44d-4603-7f71-b2da884726b3%2Fc21abe1d-e44d-4603-7f71-b2da884726b3_front_angle_1000.jpg?alt=media&token=2e001e36-b3c8-435a-999a-d60a47d67920,https://firebasestorage.googleapis.com/v0/b/steady-copilot-206205.appspot.com/o/goods%2Fc21abe1d-e44d-4603-7f71-b2da884726b3%2Fc21abe1d-e44d-4603-7f71-b2da884726b3_front_angle_250.png?alt=media&token=31495243-8321-4cfd-b6ad-759849acb0e7,"설탕, 물엿, 올리고당, 폰단트(설탕, 물엿), 식물성유지(팜핵경화유), DL-사과산, 말티툴시럽, 젤라틴, 합성향료(버블껌향, 소다향), 유화제1, 유화제2, 블루베리농축과즙, 비타민C, 정제소금, 베리류색소"
8801111951876,마이쮸 애플망고,간식,https://firebasestorage.googleapis.com/v0/b/steady-copilot-206205.appspot.com/o/goods%2Fd2bf0b10-08c2-4430-b7be-ff7ce38d1e18%2Fd2bf0b10-08c2-4430-b7be-ff7ce38d1e18_front_angle_1000.jpg?alt=media&token=e1e66610-63a2-455d-99cf-c9aac04748b3,https://firebasestorage.googleapis.com/v0/b/steady-copilot-206205.appspot.com/o/goods%2Fd2bf0b10-08c2-4430-b7be-ff7ce38d1e18%2Fd2bf0b10-08c2-4430-b7be-ff7ce38d1e18_front_angle_250.png?alt=media&token=37506750-bc4e-4876-9c50-693e0ae9e0dd,"설탕, 물엿, 올리고당, 폰단트(설탕, 물엿), 식물성유지(팜핵경화유), 젤라틴, 말티톨시럽, 애플망고혼합농축액, 향료2종(애플망고향), 구연산, 유화제2종, 혼합요구르트베이스, 혼합제제(비타민C, 비타민D), 치자황색소, 파프리카추출색소, 정제소금"
8801115114031,서울우유 나 100% 200ml,음료,https://firebasestorage.googleapis.com/v0/b/steady-copilot-206205.appspot.com/o/goods%2F082bac8f-f0b8-4478-92fc-cca9eb2db51f%2F082bac8f-f0b8-4478-92fc-cca9eb2db51f_front_angle_1000.jpg?alt=media&token=6e9c71fb-589e-4c0f-aa55-49245bfe5fe4,https://firebasestorage.googleapis.com/v0/b/steady-copilot-206205.appspot.com/o/goods%2F082bac8f-f0b8-4478-92fc-cca9eb2db51f%2F082bac8f-f0b8-4478-92fc-cca9eb2db51f_front_angle_250.png?alt=media&token=4ef7edb8-780b-4ecd-b9e1-29719fc1bec6,"국산 원유100%(체세포수 기준 1급,세균수 기준1급A)	"
8801115114130,서울우유 나 100% 500ml,음료,https://firebasestorage.googleapis.com/v0/b/steady-copilot-206205.appspot.com/o/goods%2F1ffa2097-a083-45c1-919c-b787b8069551%2F1ffa2097-a083-45c1-919c-b787b8069551_front_angle_1000.jpg?alt=media&token=029ddfac-fe4c-43aa-80b1-1304c20c98aa,https://firebasestorage.googleapis.com/v0/b/steady-copilot-206205.appspot.com/o/goods%2F1ffa2097-a083-45c1-919c-b787b8069551%2F1ffa2097-a083-45c1-919c-b787b8069551_front_angle_250.png?alt=media&token=42ebf57a-8457-42c8-b8f9-e3a057e93b61,"국선 원유 100%(체세포수 기준 1급, 세균수 기준 1급A)"
8801115114727,서울우유 나 100% 300ml,음료,https://firebasestorage.googleapis.com/v0/b/steady-copilot-206205.appspot.com/o/goods%2Fb9b975c7-5430-4cd9-22ae-2759ed1e6190%2Fb9b975c7-5430-4cd9-22ae-2759ed1e6190_front_angle_1000.jpg?alt=media&token=fac05527-da93-4721-aa91-86d01577b143,https://firebasestorage.googleapis.com/v0/b/steady-copilot-206205.appspot.com/o/goods%2Fb9b975c7-5430-4cd9-22ae-2759ed1e6190%2Fb9b975c7-5430-4cd9-22ae-2759ed1e6190_front_angle_250.png?alt=media&token=d6824ade-f9ae-4e8c-a6a1-1eb4ad87ab0e,"국산 원유 100%(체세포수 기준 1급, 세균수 기준 1급A)"
8801115134213,서울우유 딸기,음료,https://firebasestorage.googleapis.com/v0/b/steady-copilot-206205.appspot.com/o/goods%2Fa0fabf8d-46dc-422e-b86f-a3b237646533%2Fa0fabf8d-46dc-422e-b86f-a3b237646533_front_angle_1000.jpg?alt=media&token=034622b2-3e93-4731-903f-427f362feca7,https://firebasestorage.googleapis.com/v0/b/steady-copilot-206205.appspot.com/o/goods%2Fa0fabf8d-46dc-422e-b86f-a3b237646533%2Fa0fabf8d-46dc-422e-b86f-a3b237646533_front_angle_250.png?alt=media&token=907d278c-efee-4f11-ac34-d9e58f81bf29,"환원저지방우유(국산)75.7%,정제수,액상과당,백설탕,포도당,딸기농축과즙(딸기과즙1%,국산),합성착향료 ( 딸기향 )"
8801115134220,서울우유 초콜릿,음료,https://firebasestorage.googleapis.com/v0/b/steady-copilot-206205.appspot.com/o/goods%2F5c9281df-3308-451e-b6f4-685dd4bee077%2F5c9281df-3308-451e-b6f4-685dd4bee077_front_angle_1000.jpg?alt=media&token=032b08c1-097d-432e-9050-c32389d68a41,https://firebasestorage.googleapis.com/v0/b/steady-copilot-206205.appspot.com/o/goods%2F5c9281df-3308-451e-b6f4-685dd4bee077%2F5c9281df-3308-451e-b6f4-685dd4bee077_front_angle_250.png?alt=media&token=8a7ea16f-15ef-49bf-ba30-4b083d4645bb,"환원유 ( 국산 ) 76.8%,정제수,기타과당,코코아분말(싱가포르산)1.1%,카라기난,합성향료 ( 초콜릿향 , 바닐라향 )"
8801115135708,"서울우유 커피",음료,https://firebasestorage.googleapis.com/v0/b/steady-copilot-206205.appspot.com/o/goods%2Fabf9df73-f9df-4bfd-86fa-f6ea39274b6c%2Fabf9df73-f9df-4bfd-86fa-f6ea39274b6c_front_angle_1000.jpg?alt=media&token=dea41590-8852-4d6b-9678-2a8f06271bd9,https://firebasestorage.googleapis.com/v0/b/steady-copilot-206205.appspot.com/o/goods%2Fabf9df73-f9df-4bfd-86fa-f6ea39274b6c%2Fabf9df73-f9df-4bfd-86fa-f6ea39274b6c_front_angle_250.png?alt=media&token=d54591d6-073f-4881-b2e2-0bb432dea4d3,"저지방우유(국산)75%,정제수,백설탕,액상과당,커피분말 [ 고형분 95%이상 ,외국산(베트남,페루,브라질 등)] 0.5264%,합성향료 ( 커피향 )"
8801115381754,맥심 에스프레소 티.오.피 마일드 에스프레소 라떼,음료,https://firebasestorage.googleapis.com/v0/b/steady-copilot-206205.appspot.com/o/goods%2F916ae76b-1e65-47b2-ac11-4ce5af240e72%2F916ae76b-1e65-47b2-ac11-4ce5af240e72_front_angle_1000.jpg?alt=media&token=9c1bbcf4-c133-47de-82a1-8b13b4cff17c,https://firebasestorage.googleapis.com/v0/b/steady-copilot-206205.appspot.com/o/goods%2F916ae76b-1e65-47b2-ac11-4ce5af240e72%2F916ae76b-1e65-47b2-ac11-4ce5af240e72_front_angle_250.png?alt=media&token=44252d2b-ed61-49b6-a89c-42c59e674465,"원유 ( 우유 , 국내산 ) 45%,정제수,맥심 에스프레소 미디엄 로스팅 커피추출액 ( 고형분 5.0%이상 , 커피원두 : 콜롬비아산 40% , 과테말라산 30% ,케냐산30%)15.5%,백설탕,탄산칼륨,자당지방산에스테르,카제인나트륨,비타민C,합성향료 ( 커피향 )"
8801115381761,T.O.P 볼드 에스프레소 라떼,음료,https://firebasestorage.googleapis.com/v0/b/steady-copilot-206205.appspot.com/o/goods%2F63385e05-d979-4773-021b-678e577ba411%2F63385e05-d979-4773-021b-678e577ba411_front_angle_1000.jpg?alt=media&token=63aeb41e-6006-45f0-8fb4-4dba573630f3,https://firebasestorage.googleapis.com/v0/b/steady-copilot-206205.appspot.com/o/goods%2F63385e05-d979-4773-021b-678e577ba411%2F63385e05-d979-4773-021b-678e577ba411_front_angle_250.png?alt=media&token=5a221aca-addf-4fc2-b48f-4b0244e14813,"원유(우유, 국내산) 40%, 정제수, 맥심 에스프레소 커피추출액(고형분 5.0%이상, 커피원두: 콜롬비아산 60%, 브라질산 30%) 14.4%, 설탕, 혼합분유(독일산), 유크림(국내산), 탄산칼륨, 유화제, 카제인나트륨, 비타민C"
8801115384212,트리플 에스프레소 라떼,음료,https://firebasestorage.googleapis.com/v0/b/steady-copilot-206205.appspot.com/o/goods%2Faa8d79a9-b291-447c-8a8a-046da37b009c%2Faa8d79a9-b291-447c-8a8a-046da37b009c_front_angle_1000.jpg?alt=media&token=5055e17d-9ebf-4cc3-b54e-baf24faf6941,https://firebasestorage.googleapis.com/v0/b/steady-copilot-206205.appspot.com/o/goods%2Faa8d79a9-b291-447c-8a8a-046da37b009c%2Faa8d79a9-b291-447c-8a8a-046da37b009c_front_angle_250.png?alt=media&token=c4874187-81f0-4e83-bc9b-352662df9c93,"원유(우유, 국내산) 40%, 정제수, 맥심 에스프레소 커피추출액(고형분 5.0%이상, 커피원두: 콜롬비아산 60%, 브라질산 21%) 22%, 설탕, 탄산칼륨, 유화제, 카제인나트륨, 비타민C"
8801115384250,너티 카라멜 에스프레소 라떼,음료,https://firebasestorage.googleapis.com/v0/b/steady-copilot-206205.appspot.com/o/goods%2Ff618bb73-3d94-4b65-8766-fddd71a42a8c%2Ff618bb73-3d94-4b65-8766-fddd71a42a8c_front_angle_1000.jpg?alt=media&token=7c74c621-031a-4137-badb-408bc722a8e2,https://firebasestorage.googleapis.com/v0/b/steady-copilot-206205.appspot.com/o/goods%2Ff618bb73-3d94-4b65-8766-fddd71a42a8c%2Ff618bb73-3d94-4b65-8766-fddd71a42a8c_front_angle_250.png?alt=media&token=7e6b2894-da66-41ce-9612-6d441cf0603d,"원유(우유, 국내산) 45%, 정제수, 맥심 에스프레소 커피추출액(고형분 5.0%이상, 커피원두:콜롬비아산 60%, 브라질산 21%) 14.5%, 설탕, 탄산칼륨, 유화제, 카라멜분말(독일산) 0.1%,  카제인나트륨, 피넛분말(아르헨티나산) 0.025%, 혼합제제1(합성향료, 천연향료), 혼합제제2(합성향료, 천연향료), 비타민C"
8801111180993,콘초 헤이즐넛 초코,과자,https://firebasestorage.googleapis.com/v0/b/steady-copilot-206205.appspot.com/o/goods%2Fb889fd18-a1b1-4013-8ca9-f532fcd9b3c5%2Fb889fd18-a1b1-4013-8ca9-f532fcd9b3c5_front_angle_1000.jpg?alt=media&token=ab6c1277-5b30-47bd-9a02-5effb284599a,https://firebasestorage.googleapis.com/v0/b/steady-copilot-206205.appspot.com/o/goods%2Fb889fd18-a1b1-4013-8ca9-f532fcd9b3c5%2Fb889fd18-a1b1-4013-8ca9-f532fcd9b3c5_front_angle_250.png?alt=media&token=91d551c4-5ed6-4392-a734-14884a726c16,"가공초콜릿 [ 설탕 , 가공유지 ( 팜핵경화에스테르화유 ( 말레이시아산 ), 팜핵에스테르화유 ( 말레이시아산 )), 혼합분유 ( 네덜란드산 ), 헤이즐넛페이스트 ( 헤이즐넛 ( 터키산 )), 코코아분말 ( 네덜란드산 ), 기타코코아가공품 ( 영국산 ), 유화제 , 합성향료 ( 헤이즐넛향 )],옥분 ( 옥수수 : 호주산 ),혼합식용유 [ 팜올레인유 ( 말레이시아산 ) 59.98% , 해바라기유{ 외국산 ( 우크라이나 ㆍ 말레이시아 ㆍ 스페인 )} 40% , 토코페롤 ( 혼합형 )],쌀가루,결정셀룰로오스,정제소금,옥배유"
8801117268206,왕고래밥 볶음양념맛,과자,https://firebasestorage.googleapis.com/v0/b/steady-copilot-206205.appspot.com/o/goods%2Fc3c587a1-2c8e-4e21-70cd-9787fa2e4b70%2Fc3c587a1-2c8e-4e21-70cd-9787fa2e4b70_front_angle_1000.jpg?alt=media&token=54bb2978-3a6c-491b-a6df-1686b4c40e0c,https://firebasestorage.googleapis.com/v0/b/steady-copilot-206205.appspot.com/o/goods%2Fc3c587a1-2c8e-4e21-70cd-9787fa2e4b70%2Fc3c587a1-2c8e-4e21-70cd-9787fa2e4b70_front_angle_250.png?alt=media&token=3cca8322-a740-4a70-8838-15d562ea8c97,"밀가루(밀 미국산), 알파옥수수분말[옥수수 외국산(인도, 호주, 브라질)], 변성전분, 식물성유지1(팜유 말레이시아산), 팜올레인유 말레이시아산), 볶음양념맛씨즈닝 4.5%[감미료 아스파탐(페닐알라닌함유)], 식물성유지2, 갈색설탕, 백설탕, 유단백혼합분말, 전분, 바베큐양념페이스트, 혼합치즈분말, 패각칼슘, 식염, 산도조절제, 유화제"
8801117332808,비틀즈,간식,https://firebasestorage.googleapis.com/v0/b/steady-copilot-206205.appspot.com/o/goods%2F94515c8e-5254-4950-9344-e3a01c487699%2F94515c8e-5254-4950-9344-e3a01c487699_front_angle_1000.jpg?alt=media&token=29d9b91f-9f66-4933-9f0d-e01600b2d02b,https://firebasestorage.googleapis.com/v0/b/steady-copilot-206205.appspot.com/o/goods%2F94515c8e-5254-4950-9344-e3a01c487699%2F94515c8e-5254-4950-9344-e3a01c487699_front_angle_250.png?alt=media&token=6166bcbf-0dcf-4ff1-ab2e-a887e600af31,"백설탕, 물엿, 분당(백설탕, 옥수수전분), 식물성유지(경화유), 아라비아검, 산도조절제1, 산도조절제2, 젤라틴, 포도농축과즙, 사과농축과즙, 오렌지농축과즙, 레몬농축과즙, 합성향료(포도향, 사과향, 오렌지향, 레몬향), 유화제1, 유화제2, 피막제1, 파프리카추출색소, 홍화황색소, 치자황색소, 베리류색소, 치자청색소, 피막제2, 옥수수전분"
8801117344108,아이셔 츄잉캔디 청사과맛,간식,https://firebasestorage.googleapis.com/v0/b/steady-copilot-206205.appspot.com/o/goods%2Fa4b0bc90-b129-4fbe-89e4-65d31187eb5d%2Fa4b0bc90-b129-4fbe-89e4-65d31187eb5d_front_angle_1000.jpg?alt=media&token=e1a3d403-e12f-497e-ba12-d7e8583a8318,https://firebasestorage.googleapis.com/v0/b/steady-copilot-206205.appspot.com/o/goods%2Fa4b0bc90-b129-4fbe-89e4-65d31187eb5d%2Fa4b0bc90-b129-4fbe-89e4-65d31187eb5d_front_angle_250.png?alt=media&token=64a8aed2-2f8e-4d4a-8151-be98dea6762a,"백설탕, 물엿, 식물성유지(경화유), 산도조절제, 가당연유, 젤라틴, 혼합제제(인산이전분, 분말설탕), 합성향료, 청사과농축과즙, 유화제 1, 유화제 2, 비타민 C, 유크림, 혼합제제그린칼라 WS-36(치차청색소, 홍화황색소, 프로필렌글리콜, 구연산나트륨, 주정, 물엿), 식염"
8801117352806,아이셔 츄잉캔디 소다맛,간식,https://firebasestorage.googleapis.com/v0/b/steady-copilot-206205.appspot.com/o/goods%2F8274a306-ed9f-4888-bb1c-b58d33871cf1%2F8274a306-ed9f-4888-bb1c-b58d33871cf1_front_angle_1000.jpg?alt=media&token=845f5fd3-b364-4abd-9b5c-b98fc9b34dab,https://firebasestorage.googleapis.com/v0/b/steady-copilot-206205.appspot.com/o/goods%2F8274a306-ed9f-4888-bb1c-b58d33871cf1%2F8274a306-ed9f-4888-bb1c-b58d33871cf1_front_angle_250.png?alt=media&token=dfe9404f-ba60-494a-848a-0b6720beb4b7,"백설탕, 물엿, 식물성유지(경화유), 산도조절제, 가당연유, 젤라틴, 혼합제제(인산이전분, 분말설탕), 청사과농축과즙, 합성향료, 유화제2종, 비타민C, 유크림, 식염, 치자청색소"
8801117449803,핫브레이크,간식,https://firebasestorage.googleapis.com/v0/b/steady-copilot-206205.appspot.com/o/goods%2F01e41feb-4d3b-4e97-b0a0-904f6573c657%2F01e41feb-4d3b-4e97-b0a0-904f6573c657_front_angle_1000.jpg?alt=media&token=076cc1d3-7a8a-43f5-a561-c65758d654e8,https://firebasestorage.googleapis.com/v0/b/steady-copilot-206205.appspot.com/o/goods%2F01e41feb-4d3b-4e97-b0a0-904f6573c657%2F01e41feb-4d3b-4e97-b0a0-904f6573c657_front_angle_250.png?alt=media&token=70330d13-4d49-498c-8d77-eb4f7074dc87,"코팅땅콩반태 [ 땅콩반태 ( 아르헨티나산 )],물엿,백설탕,유당 ( 미국산 ),식물성유지 ( 말레이시아산 )"
8801117674700,치킨팝 닭강정맛,과자,https://firebasestorage.googleapis.com/v0/b/steady-copilot-206205.appspot.com/o/goods%2F1cc6e0f0-7c53-4f18-afdd-00f70668cb1e%2F1cc6e0f0-7c53-4f18-afdd-00f70668cb1e_front_angle_1000.jpg?alt=media&token=1deece3f-d784-4102-973f-d5a421628ff7,https://firebasestorage.googleapis.com/v0/b/steady-copilot-206205.appspot.com/o/goods%2F1cc6e0f0-7c53-4f18-afdd-00f70668cb1e%2F1cc6e0f0-7c53-4f18-afdd-00f70668cb1e_front_angle_250.png?alt=media&token=be01069f-5b25-4844-b23f-ace84b7b6177,"옥분(옥수수 호주산), 백설탕, 식물성유지(팜올레인유 말레이시아산, 해바라기유 외국산: 우크라이나산, 말레이시아산, 스페인산), 닭강정소스[토마토케첩(토마토페이스트(토마토 외국산(미국산, 칠레산, 중국산))), 아미노산농축액(탈지대두(대두 외국산(인도산, 미국산, 중국산))), 사과농축과즙액, 파인애플주스농축액, 발효식초],  미분, 물엿, 감자플레이크, 닭강정맛씨즈닝(드라이드치킨후레바(치킨스톡(닭뼈 국내산), 닭고기 국내산))< 치킨맛분말(치킨부용분말(치킨펫 인도네시아산), 치킨엑기스분말(닭고기 국내산)), 볶음참깨, 구운천일염, 효소제"
8801117694906,꼬북칩 초코츄러스맛,과자,https://firebasestorage.googleapis.com/v0/b/steady-copilot-206205.appspot.com/o/goods%2F5d3317ae-d04f-42f5-93a9-a1591792f66a%2F5d3317ae-d04f-42f5-93a9-a1591792f66a_front_angle_1000.jpg?alt=media&token=00a1669e-850d-4ce8-9fc1-9bc2284da9c6,https://firebasestorage.googleapis.com/v0/b/steady-copilot-206205.appspot.com/o/goods%2F5d3317ae-d04f-42f5-93a9-a1591792f66a%2F5d3317ae-d04f-42f5-93a9-a1591792f66a_front_angle_250.png?alt=media&token=50b0c7e5-4012-4c0f-84e3-6ea6417ba57d,"밀가루(밀 미국산), 다이제초콜릿[백설탕, 식물성유지(말레이시아산), 코코아프리퍼레이션(프랑스산), 코코아매스, 초코크럼], 츄러스맛시즈닝[백설탕, 빵가루(밀 미국산, 캐나다산), 포도당, 코코아분말(네덜란드산), 가공소금], 식물성유지1, 백설탕, 코코아분말1, 빵가루, 식염, 코코아분말2, 곡류가공품, 식물성유지2, 언하이드로밀크팻"
8801117760106,포카칩 오리지널,과자,https://firebasestorage.googleapis.com/v0/b/steady-copilot-206205.appspot.com/o/goods%2Fce4024e9-c89f-4020-af34-8ea86ff6bc24%2Fce4024e9-c89f-4020-af34-8ea86ff6bc24_front_angle_1000.jpg?alt=media&token=dbe81e85-3427-4074-be03-602b1214f255,https://firebasestorage.googleapis.com/v0/b/steady-copilot-206205.appspot.com/o/goods%2Fce4024e9-c89f-4020-af34-8ea86ff6bc24%2Fce4024e9-c89f-4020-af34-8ea86ff6bc24_front_angle_250.png?alt=media&token=f6e33dcf-917e-47ac-9816-71476610a79f,"생감자 91%(호주산),혼합식용유 ( 해바라기유 수입산,팜올레인유말레이시아산),조미가공염"
8801117760304,포카칩 어니언맛,과자,https://firebasestorage.googleapis.com/v0/b/steady-copilot-206205.appspot.com/o/goods%2F9a0733cf-a416-4976-8e6d-ed48d296fd10%2F9a0733cf-a416-4976-8e6d-ed48d296fd10_front_angle_1000.jpg?alt=media&token=7eef5b7c-b74c-47dc-99c4-7163701f3f10,https://firebasestorage.googleapis.com/v0/b/steady-copilot-206205.appspot.com/o/goods%2F9a0733cf-a416-4976-8e6d-ed48d296fd10%2F9a0733cf-a416-4976-8e6d-ed48d296fd10_front_angle_250.png?alt=media&token=c461cdf6-2afe-4fab-86c9-95c4c161c6a3,"생감자 90%(국내산), 식물성유지[팜올레인유 말레이시아산, 고올레산해바라기유 외국산(스페인산, 아르헨티나산, 우크라이나산 등)], 양파맛시즈닝[양파분말(양파 국내산), 토스티드어니언 미국산, 아스파탐(감미료/페닐알라닌 함유)], 합성향료"
8801117784409,꼬북칩 콘스프맛,과자,https://firebasestorage.googleapis.com/v0/b/steady-copilot-206205.appspot.com/o/goods%2F61511632-fa2e-474a-91dd-252336f68387%2F61511632-fa2e-474a-91dd-252336f68387_front_angle_1000.jpg?alt=media&token=9bf481da-8013-422b-b3f0-4996f687b770,https://firebasestorage.googleapis.com/v0/b/steady-copilot-206205.appspot.com/o/goods%2F61511632-fa2e-474a-91dd-252336f68387%2F61511632-fa2e-474a-91dd-252336f68387_front_angle_250.png?alt=media&token=bf998629-c0dc-435d-aa65-6cdd132b377c,"콘스낵믹스 네덜란드산(볶음옥수수가루, 정백당, 식염), 옥수수가루 네덜란드산, 식물성유지(팜올레인유 말레이시아산, 해바라기유 외국산 : 우크라이나산, 말레이시아산, 스페인산), 콘스프맛씨즈닝[백설탕, 로스트콘파우다(로스트콘베이스분말(콘그릿츠;옥수수 호주산, 브라질산, 우크라이나산)), 조제스위트콘파우더 뉴질랜드산, 혼합제제(덱스트린, 백설탕, 합성향료, 팜유), 정제소금, 수크랄로스(감미료)], 산도조절제, 천일염구운소금"
8801121043561,피크닉 사과,음료,https://firebasestorage.googleapis.com/v0/b/steady-copilot-206205.appspot.com/o/goods%2F94d1ab43-4f73-4158-b70e-20fc6c3032a0%2F94d1ab43-4f73-4158-b70e-20fc6c3032a0_front_angle_1000.jpg?alt=media&token=af6aa2dc-4407-4db6-a4aa-20c37c5dfa2d,https://firebasestorage.googleapis.com/v0/b/steady-copilot-206205.appspot.com/o/goods%2F94d1ab43-4f73-4158-b70e-20fc6c3032a0%2F94d1ab43-4f73-4158-b70e-20fc6c3032a0_front_angle_250.png?alt=media&token=00925661-2427-43d0-8495-bc28023895e4,"정제수, 설탕, 사과과즙농축액(칠레산), 사과페이스트(칠레산), 펙틴, 구연산, 혼합탈지분유(네덜란드산), 구연산나트륨, 향료2종, 혼합제제(토마틴, 효소처리스테비아, 덱스트린)"
8801121043578,피크닉 청포도,음료,https://firebasestorage.googleapis.com/v0/b/steady-copilot-206205.appspot.com/o/goods%2F8c096346-55cd-449f-9309-44fbd5c36e61%2F8c096346-55cd-449f-9309-44fbd5c36e61_front_angle_1000.jpg?alt=media&token=b350c602-7b0d-4540-b989-616263d6f885,https://firebasestorage.googleapis.com/v0/b/steady-copilot-206205.appspot.com/o/goods%2F8c096346-55cd-449f-9309-44fbd5c36e61%2F8c096346-55cd-449f-9309-44fbd5c36e61_front_angle_250.png?alt=media&token=d8764b7a-735d-483b-97f0-387f8c38a6d4,"정제수, 설탕, 청포도과즙농축액(스페인산), 사과페이스트(칠레산), 펙틴, 구연산, 혼합탈지분유(네덜란드산), 구연산나트륨, 향료2종, 혼합제제(토마틴, 효소처리스테비아, 덱스트린)"
8801121106792,바리스타룰스 에스프레소 라떼,음료,https://firebasestorage.googleapis.com/v0/b/steady-copilot-206205.appspot.com/o/goods%2Ffb129470-46f7-4e30-9496-39548830be40%2Ffb129470-46f7-4e30-9496-39548830be40_front_angle_1000.jpg?alt=media&token=4f8b78b5-71b6-464d-ae41-adc6dc183a9f,https://firebasestorage.googleapis.com/v0/b/steady-copilot-206205.appspot.com/o/goods%2Ffb129470-46f7-4e30-9496-39548830be40%2Ffb129470-46f7-4e30-9496-39548830be40_front_angle_250.png?alt=media&token=ccf50656-4fd8-4625-bbd6-cfc272e485a8,"원유(국산), 가요마운틴블렌드에스프레소커피추출액{커피원두 : 인도네시아산(가요마운틴, 만델링) 31%, 에티오피아산 30%}, 정제수, 설탕, 콜롬비아커피추출액(콜롬비아산), 합성향료, 천연향료, 탄산수소나트륨, 유화제"
8801121107942,바리스타룰스 모카프레소,음료,https://firebasestorage.googleapis.com/v0/b/steady-copilot-206205.appspot.com/o/goods%2Fe9b1aae7-384e-46cc-bebf-544573ea74a4%2Fe9b1aae7-384e-46cc-bebf-544573ea74a4_front_angle_1000.jpg?alt=media&token=1a509b43-2baf-4092-ac01-c409156c0681,https://firebasestorage.googleapis.com/v0/b/steady-copilot-206205.appspot.com/o/goods%2Fe9b1aae7-384e-46cc-bebf-544573ea74a4%2Fe9b1aae7-384e-46cc-bebf-544573ea74a4_front_angle_250.png?alt=media&token=3e47b40a-169b-4e34-a364-d2e630bbea28,"원유(국산), 정제수, 코스타리카블렌드에스프레소커피추출액(커피원두 : 코스타리카산 50%, 브라질산 30%), 설탕, 혼합탈지분유(네덜란드산), 유크림, 생초콜릿, 콜롬비아커피추출액(콜롬비아산), 코코아파우더, 탄산수소나트륨, 유화제, 카라기난, 합성향료, 천연향료"
8801121190197,허쉬초콜릿드링크 오리지널,음료,https://firebasestorage.googleapis.com/v0/b/steady-copilot-206205.appspot.com/o/goods%2F35cc692f-2721-4f26-9199-36b597ce4f0e%2F35cc692f-2721-4f26-9199-36b597ce4f0e_front_angle_1000.jpg?alt=media&token=ca95d51c-19be-4f27-9522-e11b37712ca7,https://firebasestorage.googleapis.com/v0/b/steady-copilot-206205.appspot.com/o/goods%2F35cc692f-2721-4f26-9199-36b597ce4f0e%2F35cc692f-2721-4f26-9199-36b597ce4f0e_front_angle_250.png?alt=media&token=37bd7596-bbef-4a09-919e-94db38354196,"정제수, 설탕, 허쉬초콜릿드링크프리믹스(탈지분유, 설탕, 코코아분말, 식염, 카라기난)(미국산), 혼합탈지분유(네덜란드산), 덱스트린, 야자경화유(외국산-말레이시아, 인도네시아, 필리핀 등), 코코아파우더(스페인산), 자당지방산에스테르, 당류가공품, 천연향료 2종, 합성향료 2종"
8801121755679,바리스타룰스 카라멜 딥 프레소,음료,https://firebasestorage.googleapis.com/v0/b/steady-copilot-206205.appspot.com/o/goods%2F163f433a-4502-4b34-66dc-9a01fd5bcc69%2F163f433a-4502-4b34-66dc-9a01fd5bcc69_front_angle_1000.jpg?alt=media&token=320043d4-1dbe-4743-8e96-a32128bcd9ec,https://firebasestorage.googleapis.com/v0/b/steady-copilot-206205.appspot.com/o/goods%2F163f433a-4502-4b34-66dc-9a01fd5bcc69%2F163f433a-4502-4b34-66dc-9a01fd5bcc69_front_angle_250.png?alt=media&token=494d01ca-4ad5-41ad-a0bd-1a855ae364be,"원유(국산), 정제수, 과테말라안티구아블렌드에스프레소커피추출액(커피원두 : 코스타리카산 40%, 과테말라산안티쿠아 31%), 설탕, 혼합탈지분유(네덜란드산), 유크림, 콜롬비아커피추출액(콜롬비아산), 다크생카라멜, 합성향료, 천연향료, 탄산수소나트륨, 유화제, 정제염"
8801121759943,허쉬초콜릿드링크 쿠키'앤'크림 Sweet,음료,https://firebasestorage.googleapis.com/v0/b/steady-copilot-206205.appspot.com/o/goods%2Fa1f3ff85-c5ab-4094-b006-f0c6a82d5d12%2Fa1f3ff85-c5ab-4094-b006-f0c6a82d5d12_front_angle_1000.jpg?alt=media&token=ac4125ad-16d1-470d-8212-46025dc5655d,https://firebasestorage.googleapis.com/v0/b/steady-copilot-206205.appspot.com/o/goods%2Fa1f3ff85-c5ab-4094-b006-f0c6a82d5d12%2Fa1f3ff85-c5ab-4094-b006-f0c6a82d5d12_front_angle_250.png?alt=media&token=e58fa156-29ae-4416-9155-2b8bbe0b019f,"허쉬초콜릿드링크프리믹스[탈지분유,정백당,코코아,해바라기유(부분경화유),고형물엿]7.94%(미국산),정제수,정백당,탈지분유(국산),덱스트린,쿠키파우더0.73%(국산),코코넛크림파우더0.38%(말레이시아산),화이트초콜릿분말 0.01%,자당지방산에스테르,식염,탄산수소나트륨,합성착향료 ( 초콜릿향 , 쿠키향 , 바닐라향 )"
8801121761823,바리스타룰스 로어-슈거 에스프레소 라떼,음료,https://firebasestorage.googleapis.com/v0/b/steady-copilot-206205.appspot.com/o/goods%2F7c7e48fc-2c33-458d-96ab-dbfea7cece97%2F7c7e48fc-2c33-458d-96ab-dbfea7cece97_front_angle_1000.jpg?alt=media&token=645c1170-3c74-4641-9059-c728242d4718,https://firebasestorage.googleapis.com/v0/b/steady-copilot-206205.appspot.com/o/goods%2F7c7e48fc-2c33-458d-96ab-dbfea7cece97%2F7c7e48fc-2c33-458d-96ab-dbfea7cece97_front_angle_250.png?alt=media&token=a361766d-9daf-4869-8a91-c9beb711efe4,"원유60%(국산),케냐AA블렌드에스프레소커피추출액25%(고형분2.76%이상,커피원두:에티오피아산 31%,브라질산 305,케냐산10%),정제수,정백당3.3%,콜롬비아커피추출액0.42%(고형분함량38%이상,콜롬비아산),합성향료(커피햔),탄산수소나트륨,우화제"
8801123307289,의성마늘 프랑크,가공식품,https://firebasestorage.googleapis.com/v0/b/steady-copilot-206205.appspot.com/o/goods%2F90733b10-826c-4ca0-c42d-9ef4d3ef22b7%2F90733b10-826c-4ca0-c42d-9ef4d3ef22b7_front_angle_1000.jpg?alt=media&token=8fbb959b-d6f1-46af-9b48-57dca375ef6f,https://firebasestorage.googleapis.com/v0/b/steady-copilot-206205.appspot.com/o/goods%2F90733b10-826c-4ca0-c42d-9ef4d3ef22b7%2F90733b10-826c-4ca0-c42d-9ef4d3ef22b7_front_angle_250.png?alt=media&token=247e2202-a172-4e3e-97d8-01a6c2cc93d3,"돼지고기 85.32%(국산), 정제수, 돈지방(국산), 소맥전분{외국산(벨기에, 라투아니아, 호주 등)}, 마늘햄씨즈닝[핫스파이스베이스{L-글루탐산나트륨(향미증진제), 정제소금(국내산)}, 비프분말디2{아미노산간장S(탈지대두:인도산), L-글루탐산나트륨(향미증진제)}], 마늘햄염지제(산도조절제), 난백분, 농축대두단백, 의성마늘 1.42%(국산), 락색소, 아질산나트륨(발색제), 콜라겐케이싱"
8801123308910,의성마늘 프랑크 2입,가공식품,https://firebasestorage.googleapis.com/v0/b/steady-copilot-206205.appspot.com/o/goods%2F5a320ae9-4468-4d07-9161-4236db9ec333%2F5a320ae9-4468-4d07-9161-4236db9ec333_front_angle_1000.jpg?alt=media&token=c887bcec-1222-4b42-a9a4-906debb11bf5,https://firebasestorage.googleapis.com/v0/b/steady-copilot-206205.appspot.com/o/goods%2F5a320ae9-4468-4d07-9161-4236db9ec333%2F5a320ae9-4468-4d07-9161-4236db9ec333_front_angle_250.png?alt=media&token=f0e685df-bb20-4f0b-8619-90a875209486,"돼지고기86.35%(수입산80.56%,국산19.44%},정제수,소맥전분(밀:미국산,호주산),마늘햄씨즈닝 [ L-글루타민산나트륨 ( 향미증진제 ), 대두 ],마늘햄염지제 ( 발색제 ),난백분 ( 계란 ),농축대두단백,의성마늘1.44%(국산),락색소,아질산나트륨 ( 발색제 ),콜라겐케이싱"
8809036521228,꾀돌이,간식,https://firebasestorage.googleapis.com/v0/b/steady-copilot-206205.appspot.com/o/goods%2Fe288b006-0e62-4bf5-b7a5-d8c3a3d7942b%2Fe288b006-0e62-4bf5-b7a5-d8c3a3d7942b_front_angle_1000.jpg?alt=media&token=c24877e2-7d69-4bd7-a80c-dc9256dd91fc,https://firebasestorage.googleapis.com/v0/b/steady-copilot-206205.appspot.com/o/goods%2Fe288b006-0e62-4bf5-b7a5-d8c3a3d7942b%2Fe288b006-0e62-4bf5-b7a5-d8c3a3d7942b_front_angle_250.png?alt=media&token=bf375230-d9d6-43ed-ab03-4959ae15f3eb,"밀가루(밀 : 호주산, 미국산), 설탕, 정제팜유(말레이시아산), 메디락골드[말토덱스트린, 유청분말(우유 : 칠레산), 함수포도당, 식물성크림{(팜유 : 인도네시아산), 포도당시럽, 카제인나트륨, 폴리인산나트륨, 이산화규소}, 밀크향분말(합성향료), 이산화규소], 물엿, 옥수수전분, 정제염(국내산),코코아분말, 함수결정포도당, 초콜릿[가공유지{팜부분경화유(말레이시아산), 코코아분말(싱가포르산)}, 이스트(효모), 혼합제제[홍국색소, 덱스트린], 바닐향(합성향료),※식품첨가물:이스트(효모), 혼합제제[홍국색소, 덱스트린], 바닐향(합성향료)"
8809208062412,친구가 좋아하는 새콤짱 (포도맛),간식,https://firebasestorage.googleapis.com/v0/b/steady-copilot-206205.appspot.com/o/goods%2F7a20e3f2-bfe0-4c9e-8c63-1a8bdd08c0a2%2F7a20e3f2-bfe0-4c9e-8c63-1a8bdd08c0a2_front_angle_1000.jpg?alt=media&token=f96b3464-af4a-48a0-ba54-8ab3c8db8123,https://firebasestorage.googleapis.com/v0/b/steady-copilot-206205.appspot.com/o/goods%2F7a20e3f2-bfe0-4c9e-8c63-1a8bdd08c0a2%2F7a20e3f2-bfe0-4c9e-8c63-1a8bdd08c0a2_front_angle_250.png?alt=media&token=b478fd97-8716-43a0-a6a1-d3fd918cba68,"물엿, 분당(설탕, 전분), 밀가루(밀 / 미국산,호주산), D-소르비톨액 2.47%, 설탕, 찰옥수수전분, 야자유, 구연산, DL-사과산, 젤라틴(돼지고기), 글리세린, 유화제, 혼합제제 [베리류색소, 포도과피추출색소, 프로필렌글리콜], 합성착향료(포도향),포도농축과즙(고형분 함량 65%), 산도조절제, 혼합제제 [설탕,물엿,글리세린, D-소르비톨액]"
8809388463917,카페라떼,음료,https://firebasestorage.googleapis.com/v0/b/steady-copilot-206205.appspot.com/o/goods%2F775d4616-6dc9-4341-be7b-38682d899ac5%2F775d4616-6dc9-4341-be7b-38682d899ac5_front_angle_1000.jpg?alt=media&token=ef11492b-1d66-4cb1-9110-1db9853f2b81,https://firebasestorage.googleapis.com/v0/b/steady-copilot-206205.appspot.com/o/goods%2F775d4616-6dc9-4341-be7b-38682d899ac5%2F775d4616-6dc9-4341-be7b-38682d899ac5_front_angle_250.png?alt=media&token=c3b2087e-8542-4a9c-94fd-e7ff202a6791,"원유(국산, 세균수기준 1급A) 45 %, 커피추출액(고형분 3 %이상, 커피원두-브라질산) 32 %, 정제수, 설탕, 산도조절제, 유화제"
8809388463924,토피넛 시그니처 라떼,음료,https://firebasestorage.googleapis.com/v0/b/steady-copilot-206205.appspot.com/o/goods%2F1d0c4811-896b-43c8-bcee-d11f0b7d8a7c%2F1d0c4811-896b-43c8-bcee-d11f0b7d8a7c_front_angle_1000.jpg?alt=media&token=fc722752-3861-4c7f-bcd4-aedef019b09e,https://firebasestorage.googleapis.com/v0/b/steady-copilot-206205.appspot.com/o/goods%2F1d0c4811-896b-43c8-bcee-d11f0b7d8a7c%2F1d0c4811-896b-43c8-bcee-d11f0b7d8a7c_front_angle_250.png?alt=media&token=80503d78-6059-4416-a46a-d1305ef90926,"정제수, 원유(국산, 세균수 기준 1급A) 30 %, 커피추출액(고형분 3 % 이상, 커피원두-브라질산) 20 %,설탕,탈지분유(외국산-국가명은 제조원 홈페이지 별도표기), 토피넛파우더[설탕, 식물성크림1{물엿, 식물성유지(야자경화유(외국산)), 무지방우유, 농축우유단백분말 외}, 카라멜스프린터(설탕, 전지분유, 크림분말 외)(스위스산), 코코넛크림파우더, 혼합분유(탈지분유, 유청분말), 식물성크림2(글루코스시럽, 식물성오일, 탈지분유 외), 코코아파우더, 커피, 볶은아몬드분말(미국산) 0.8 %, 피넛파우더(미국산) 0.5 % 외] 2.2 %, 유크림, 에스프레소커피추출액(고형분 34.6 % 이상, 커피원두-브라질산) 0.1 %, 합성향료(토피넛향), 산도도절제, 유화제"
8809388463931,돌체 콜드브루,음료,https://firebasestorage.googleapis.com/v0/b/steady-copilot-206205.appspot.com/o/goods%2F1700f9a6-8c28-49f2-8ea5-984cfa9a64bd%2F1700f9a6-8c28-49f2-8ea5-984cfa9a64bd_front_angle_1000.jpg?alt=media&token=55d6147f-4e22-4dda-8f36-d61b476cccb0,https://firebasestorage.googleapis.com/v0/b/steady-copilot-206205.appspot.com/o/goods%2F1700f9a6-8c28-49f2-8ea5-984cfa9a64bd%2F1700f9a6-8c28-49f2-8ea5-984cfa9a64bd_front_angle_250.png?alt=media&token=1d7948ef-302d-496e-af4f-501c31fb78e2,"정제수, 콜드브루 커피추출액(고형분2%이상, 커피원두-브라질산) 22%, 설탕, 탈지분유(외국산-국가명은 제조원 홈페이지 별도 표기), 말토덱스트린, 가당연유(국산) 2%, 에스프레소 커피추출액(고형분 34.6% 이상, 커피원두-브라질산) 1.6%, 유크림, 합성향료(크림향), 산도조절제, 유화제 "